frame,ref_update_id,mem_MAE,mem_MSE,mem_NCC,mem_edge_sym_dist,sparse_MAE,sparse_MSE,sparse_centroid_NN,sparse_recall,sparse_precision,mem_err_reg,elapsed_s
0,0,1789.668935922476,6680188.115384615,0.6136301022309524,0.47381611825743575,40.00308286226713,2533.9312133789062,4.109066295623779,0.7247469029786523,0.928879469634726,170.31178283691406,12.338840961456299
1,0,1870.5622660319011,7453709.125,0.5616083242930472,0.4672780378840444,38.33789984385172,2550.2484029134116,4.1467057228088375,0.7288685486496684,0.9324168278088367,170.660400390625,11.295422792434692
2,0,1751.8055466871995,6904805.048076923,0.6392995826900005,0.46496278430609006,41.72839384812575,3057.85942195012,4.2799832105636595,0.7233664791269402,0.9234346648772759,171.1361083984375,11.270532608032227
3,0,1682.036167689732,6023605.455357143,0.716855355671474,0.4701734050332244,40.05945600782122,2756.3304617745534,4.1638647556304935,0.7361971837951604,0.9330156829388679,170.6991424560547,11.104838371276855
4,0,1786.2796630859375,7481369.75,0.6671715477624764,0.47397517213759655,39.71183424729567,2800.2596435546875,4.476326251029969,0.7255658962352862,0.9299526813736891,170.46961975097656,11.458799600601196
5,0,1824.223885672433,6641539.910714285,0.5952095682067531,0.48726719881513353,39.83437088557652,2688.77579171317,4.240235769748688,0.7278924126463288,0.9328319234528296,173.42864990234375,11.404433250427246
6,0,1914.5851542154949,8776449.520833334,0.5449530327071747,0.47529355525399686,42.65342299143473,3293.1694132486978,4.324647772312164,0.7304010753457149,0.9321331760933038,170.88934326171875,11.212038516998291
7,0,2056.42685546875,10647448.766666668,0.519510958592097,0.4721447098717599,40.810166676839195,3108.682657877604,4.476833534240723,0.7231977129276163,0.933291176163995,170.66397094726562,11.10002326965332
8,0,1900.5050659179688,8315601.538461538,0.6081512937178979,0.4719892800984975,40.42027400090144,2913.5419029822715,4.383708608150482,0.7274259816661697,0.9331871181061471,170.69642639160156,11.248167991638184
9,0,1697.1737670898438,6461826.942708333,0.710971807440122,0.46768483701351676,39.63061682383219,2396.125,4.3724806070327755,0.725652388946059,0.935751512501532,170.3320770263672,11.192882061004639
10,0,1765.695087139423,7703243.836538462,0.6452294847426506,0.4717970472460862,39.6029608799861,2804.683790940505,4.466089427471161,0.7247819544269284,0.9282962526560796,170.372314453125,10.969797611236572
11,0,1840.2084089006696,8285167.714285715,0.5461337185863938,0.4694862378970236,42.958106994628906,3344.3365652901784,4.429094350337982,0.7146519721218988,0.9318192490804945,170.1948699951172,11.440778255462646
12,0,1904.389912923177,8939118.75,0.5830560321143518,0.4741349932509486,38.45257568359375,2722.172403971354,4.433991932868958,0.7129123735366093,0.9264210351941102,169.98666381835938,11.248006582260132
13,0,1798.4014892578125,7838735.466346154,0.5886077147263747,0.47365372319514637,39.74240170992338,2839.4540076622598,4.439620065689087,0.7186255380501234,0.9302962089600249,170.02310180664062,11.129547834396362
14,0,1878.6989847819011,8659983.041666666,0.5509703632172508,0.47631416250084807,40.244682947794594,2882.5372416178384,4.291940319538116,0.7151435297244803,0.930529041437234,169.92056274414062,11.264630317687988
15,0,1730.6013895670574,6769905.104166667,0.5827185387412707,0.47639435243013273,40.2074826558431,2982.2930806477866,4.403936445713043,0.7214989960042226,0.9295761851121199,169.70811462402344,11.300389528274536
16,0,1713.9532725016277,7996061.322916667,0.5845925894876322,0.4767755899657615,41.35607369740804,2875.8536275227866,4.397638809680939,0.722740933319753,0.9308437072382441,169.8057403564453,11.291562795639038
17,0,1804.524423452524,7548081.423076923,0.586925343825267,0.4784760487980342,40.45892862173227,3253.0794630784253,4.271115350723266,0.7244842583471351,0.9296940323780971,169.7344970703125,11.313167810440063
18,0,1843.2303975423176,8156060.270833333,0.6035386323928833,0.473860154971734,38.89147011439005,2776.6344706217446,4.400859260559082,0.7192592520988084,0.9338118357616084,169.5791015625,11.224156379699707
19,0,1643.4577581232245,6008277.573863637,0.6645397598093207,0.4760623107500061,37.130455017089844,2242.7101828835225,4.284385001659393,0.7160709226919436,0.9302210078875701,169.50852966308594,11.203935146331787
20,1,1907.1726902553014,9142250.388392856,0.5063249564596585,0.48688193184082673,41.19531672341483,3047.5181710379466,4.295466494560242,0.7281479464996883,0.9292099253418545,169.68853759765625,11.926101207733154
21,1,1890.8654610770088,8275945.669642857,0.5480802889381137,0.49704182122425794,41.91242258889334,3127.7171630859375,4.456439757347107,0.7232187946975616,0.9281007314185222,168.99368286132812,11.249945878982544
22,1,1947.9136408025568,8226546.613636363,0.552991349588741,0.49995943454181224,38.246192238547586,2606.843184037642,4.248294723033905,0.7276676261351567,0.9291391256524687,169.81381225585938,11.265746355056763
23,1,2057.0468546549478,10028367.34375,0.5133302964580556,0.4913146574571815,36.765633742014565,2204.4030558268228,4.305935335159302,0.718811236273638,0.9311150372454522,169.7478485107422,11.254966259002686
24,1,1661.1046346028645,5486237.741666666,0.7055373509724935,0.4940242842202367,39.04545631408691,2820.276981608073,4.296364402770996,0.7179572174097715,0.9293547267888522,169.2853240966797,11.424606800079346
25,1,1953.7577373798076,7951433.653846154,0.6268378473245181,0.48962289427862293,39.933554282555214,2950.789560171274,4.290631783008576,0.7238092264163202,0.9325308176130795,169.02488708496094,11.42008376121521
26,1,2135.509746844952,10380722.75,0.5613543024429908,0.4973867810042276,42.573880855853744,3406.3738731971152,4.3335271120071415,0.7171264190575739,0.9325978423790036,169.18128967285156,11.443551063537598
27,1,1927.1455078125,8818130.653846154,0.6004783572772374,0.4947885376471205,38.07063322800856,2776.9351431039663,4.20677170753479,0.7262102039261069,0.9330780758375751,169.08685302734375,10.911652088165283
28,1,1850.1855183919272,8296760.204166667,0.5628793515264988,0.48668531732105924,35.972896575927734,2318.864225260417,4.40215505361557,0.7223804772582338,0.9374178053777596,168.45120239257812,11.100410461425781
29,1,1755.9495849609375,6702697.007352941,0.63273504727027,0.4978972484034778,38.885951547061694,2573.624813304228,4.354402267932892,0.7254169801045094,0.9388103726629037,168.6627197265625,11.346464395523071
30,1,1854.167081705729,7394182.15,0.6230810989936193,0.4864584081114254,38.66446189880371,2614.2885172526044,4.302254557609558,0.7217341467885259,0.9381072598030349,168.5984649658203,11.37576675415039
31,1,2050.282501220703,9980317.333333334,0.5104161791192988,0.4902384827778974,35.40081548690796,1976.7633666992188,4.296796464920044,0.7200448697693619,0.9294486286822228,168.81243896484375,11.276869058609009
32,1,1872.451220703125,7774389.266666667,0.6140101631482442,0.5009837533761512,40.74603614807129,3303.088826497396,4.274132585525512,0.7167013771810657,0.9337246841904046,168.64154052734375,11.261305332183838
33,1,1658.0354970296223,5914001.739583333,0.6591006219387054,0.49356383340748683,42.53581746419271,3138.6152954101562,4.274180006980896,0.7236535472025696,0.9390751065885559,168.38429260253906,11.371692419052124
34,1,1778.8015794020432,8119179.721153846,0.5977634879258963,0.5043171924732686,40.14085534902719,3120.929372934195,4.5201830744743345,0.7207292913209659,0.9376905334750738,168.3622283935547,11.370971441268921
35,1,1811.021110534668,7760622.6484375,0.497447008267045,0.5019344461173312,39.44413912296295,2847.5645294189453,4.235571086406708,0.7319929443558043,0.931630688492581,168.249755859375,11.31578516960144
36,1,1759.1099548339844,7085015.791666667,0.6017355329046646,0.4970694785319042,38.01229286193848,2669.171559651693,4.262496209144592,0.7285808089107367,0.9289598599107259,167.8346710205078,11.332273721694946
37,1,1620.0826212565105,5515133.583333333,0.5726265699292222,0.49862917428642073,42.53636376063029,3263.752197265625,4.313678574562073,0.721388144730992,0.9304443407969117,167.826904296875,11.326189756393433
38,1,1781.2811787923176,8357622.1875,0.5282953965167204,0.49350255512239627,41.19471041361491,3145.6126098632812,4.18496561050415,0.7268739528836903,0.9361224122477774,168.2392120361328,11.231847524642944
39,1,1815.6590270996094,7272247.0,0.6754408019284407,0.48865535375572133,38.44195604324341,2769.910654703776,4.37624294757843,0.7254356822211595,0.9304782828402132,168.10641479492188,11.41000747680664
40,2,1806.060834612165,6705067.946428572,0.6655988288777215,0.5332515641534554,40.179872921534944,3216.164053780692,4.437331318855286,0.7183381471728479,0.9324415624075796,167.7549285888672,11.959387063980103
41,2,1987.853173828125,8427899.233333332,0.5499030205110709,0.5163516170145797,37.01486078898112,2699.5401123046877,4.141895139217377,0.7214618526693737,0.9438207026576688,167.6094512939453,11.312504529953003
42,2,1781.6206609552557,7022166.795454546,0.6135082786733453,0.5632605457869102,39.11577086015181,2992.3295565518465,4.184304559230805,0.7226868877835212,0.9384685326602107,167.96287536621094,11.185739755630493
43,2,1844.788663736979,7006611.283333333,0.6303629130125046,0.5161414556480498,39.491540400187176,3058.7379557291665,4.183761358261108,0.7265007021618379,0.9396473222804312,169.82638549804688,11.404454708099365
44,2,1789.2701497395833,6600887.008333334,0.6750106195608775,0.5361792791656321,36.560694758097334,2590.689306640625,4.365081048011779,0.718805206542205,0.9334652129159096,168.8634033203125,11.392220497131348
45,2,1778.2637736002605,7273779.302083333,0.6085872696130536,0.5074265888407856,41.647175788879395,3964.9986368815103,4.501240837574005,0.7230616661249455,0.9291363098880143,168.33895874023438,10.880914688110352
46,2,1672.096444936899,5439709.846153846,0.7070519947088681,0.5526801463573234,40.53464698791504,3134.199462890625,4.304129755496978,0.7184426777642321,0.939181174686943,168.4292755126953,11.29010796546936
47,2,1706.2783578725962,6250008.365384615,0.6557577080451525,0.5368505081930426,38.41907545236441,2930.006779597356,4.297697448730469,0.7226763085199439,0.9303039894870777,168.54769897460938,11.268517017364502
48,2,1740.8350132533483,6709048.857142857,0.6787627962018762,0.5377187238641101,37.130893162318635,2541.3897966657364,4.452034211158752,0.7162563092300075,0.9313157679328248,167.96006774902344,11.354610919952393
49,2,1778.9594828287761,7048046.354166667,0.6294466834515333,0.5233336766310421,40.49266815185547,3763.862060546875,4.33377970457077,0.7193740208650827,0.9347890004155215,168.3385467529297,11.334832429885864
50,2,1873.8709716796875,7274832.886363637,0.6630522933873263,0.539211943892173,45.706209356134586,4559.9906227805395,4.645541667938232,0.725013481271874,0.930541237775515,168.1021728515625,11.28733205795288
51,2,1747.315709731158,6478391.970588235,0.5949698780827662,0.5241895479144384,37.23980836307301,2607.3355497472426,4.254044210910797,0.7236296826484097,0.9360111239266674,167.8931121826172,11.82671332359314
52,2,1823.8410807291666,6974404.45,0.6513783027728398,0.5133338912556441,35.78743705749512,2388.0604654947915,4.266564345359802,0.7201659903830654,0.9325785363738426,167.79147338867188,11.272455930709839
53,2,1675.4633963448662,5641836.732142857,0.5777533820697239,0.5160798225732013,38.33600384848459,2790.858067103795,4.519480037689209,0.7272325674167148,0.9394297416547784,167.58297729492188,12.081719875335693
54,2,1819.7422790527344,6705787.458333333,0.6770286212364832,0.5340077243734574,39.95400428771973,3212.850830078125,4.221473157405853,0.7245688264646043,0.9337821309201523,167.37966918945312,12.121674060821533
55,2,1766.0372032752405,6092136.865384615,0.6052179084374354,0.5213433905375786,41.46955900925856,3095.9671536959136,4.4725796461105345,0.71346844763521,0.9320846108525238,167.9085235595703,12.142620086669922
56,2,1848.8157848011363,8275115.420454546,0.5543285852128809,0.5339501488238839,47.02467727661133,4477.870450106534,4.400644910335541,0.7163446122531845,0.9313051602574575,167.86578369140625,11.94962763786316
57,2,1723.3548029119318,6668491.113636363,0.6186609186909415,0.5382343546932628,46.05374110828746,4453.862526633523,4.435433471202851,0.7174710554041611,0.9278555298188504,167.5018768310547,12.05327820777893
58,2,1818.5926106770833,7391260.0,0.5954838411675559,0.5562131411205798,45.40413920084635,4353.5664469401045,4.216370582580566,0.7210457627047085,0.9345044235904301,167.495361328125,11.941721200942993
59,2,1827.9794596354166,6600351.6,0.5901267449061076,0.5373301905188083,41.84294573465983,3477.006559244792,4.514414858818054,0.7059622458201896,0.9157250969102965,170.4185333251953,11.710807085037231
60,3,2129.7520141601562,8212990.458333333,0.5579992284377416,0.5574177599333972,43.202010790506996,3614.069376627604,4.645799386501312,0.7068987457603332,0.9279894490351339,169.34063720703125,11.990163087844849
61,3,2164.9215494791665,9658848.041666666,0.4989499021321535,0.5453711915655406,41.38098192214966,3729.9173177083335,4.5065210342407225,0.7123493506354842,0.923159711062295,169.2505340576172,11.532618522644043
62,3,2083.1068021334136,7836863.846153846,0.5643852261396555,0.5532114688914291,40.91053639925443,3067.946270282452,4.643152856826783,0.7156372222897668,0.9278678675335594,168.69227600097656,11.274049520492554
63,3,2008.3377075195312,8282944.916666667,0.604523998995622,0.5574139850650643,44.38214842478434,3811.5035705566406,4.449372673034668,0.7048399056417549,0.9242528951023632,168.6129913330078,11.044114589691162
64,3,2047.9930989583333,8151672.683333334,0.6289255346055143,0.5581868157362218,40.8089853922526,3089.7194986979166,4.683463454246521,0.7107552948262851,0.9320650100829349,168.62681579589844,11.341392278671265
65,3,2000.9400024414062,7723776.3125,0.6285737566649914,0.5802896519618754,40.418421586354576,3193.045694986979,4.395634865760803,0.7129091222071423,0.9323763683951466,167.88925170898438,11.291127920150757
66,3,2021.7313889723557,7980064.653846154,0.6307240243141468,0.6000228552126206,41.43437752356896,3510.1940072866587,4.384596109390259,0.7063064612210994,0.9262202962693566,167.99658203125,11.402694702148438
67,3,2182.2542818509614,9106512.961538462,0.5647179490098586,0.5477600334453664,36.987412232619064,2431.789771446815,4.494742977619171,0.7140621490928064,0.926634189807942,167.97401428222656,11.272332429885864
68,3,1924.4675031389509,6912142.142857143,0.6035805344581604,0.56965797313001,40.17795658111572,3627.6739327566966,4.383138871192932,0.7074386846093124,0.9242205836777655,167.83871459960938,11.144488334655762
69,3,2123.9890340169272,9015629.958333334,0.5709236996869246,0.5693389729546511,40.870590368906655,3732.3287150065103,4.575935661792755,0.7123054197360953,0.9279475112026196,168.10618591308594,10.933613538742065
70,3,2025.166240985577,8338184.134615385,0.5477789015724108,0.5536405098517889,43.457190146813026,4080.7717566856973,4.538867008686066,0.7108886808121188,0.9283205074548466,167.80001831054688,11.409193992614746
71,3,2114.3984093299277,8647127.0,0.5795858823336087,0.5653681665921186,39.06309025104229,2941.0458984375,4.58252100944519,0.7053215386687489,0.9263942433967769,167.7881622314453,11.306531190872192
72,3,1857.3205973307292,7126766.979166667,0.519280510644118,0.553060993508416,41.72743225097656,3383.3399353027344,4.757572638988495,0.7047133302765503,0.9298950984924599,167.53562927246094,11.421974420547485
73,3,1867.956045968192,6757567.303571428,0.6342484269823346,0.594174420810171,37.79580742972238,2678.9991455078125,4.448182165622711,0.7054125750087421,0.9303921315141712,167.58445739746094,11.298173666000366
74,3,1797.030293782552,6457856.84375,0.6244848320881525,0.5744387807896876,42.122962474823,3476.1045735677085,4.752159035205841,0.7078772768843319,0.9216720081512128,168.32376098632812,11.045528888702393
75,3,1888.7393704927886,7038122.0,0.5309322828856798,0.6063736915125275,38.49157685499925,2554.62114070012,4.433510518074035,0.703824686884521,0.9201823596766552,168.54605102539062,11.358564615249634
76,3,2051.205857496995,8213037.788461538,0.5541100634548527,0.5505964282670225,40.26875422551082,3280.20854304387,4.551256155967712,0.7101295071388835,0.919440143892529,167.74319458007812,11.273783683776855
77,3,1958.8435809795674,7843405.884615385,0.5530884793171515,0.5790622948248869,40.51430790240948,2936.8697509765625,4.587989783287048,0.7046942452160351,0.9271041956904768,168.0117645263672,11.424886226654053
78,3,1974.7572678786057,7394991.961538462,0.6085440585246453,0.5520770450622796,39.318599700927734,2746.904062124399,4.619227826595306,0.701815476986045,0.9180503804623695,169.31814575195312,11.526850461959839
79,3,2038.5293782552083,8477451.875,0.4943899139761925,0.5575359653801764,39.50290091832479,2846.5999959309897,4.566497004032135,0.7099692542418345,0.9131564091401675,168.97149658203125,11.488791465759277
80,4,2043.5803629557292,8018328.65625,0.3866370435183247,0.5658766035933512,45.225375175476074,4379.561655680339,4.735122275352478,0.7102588735277429,0.9194867487600549,169.32479858398438,11.97199821472168
81,4,2206.9523010253906,9607975.416666666,0.436003062253197,0.5731593388451192,44.429650942484535,4264.958231608073,4.578749322891236,0.7002915939259362,0.9230818221630018,169.2003631591797,11.439266681671143
82,4,2123.6759502704326,8485824.673076924,0.5054671354591846,0.5709176595358878,43.045242896446815,3766.2071814903848,4.490778398513794,0.7095734210183713,0.9278022451065656,169.2330322265625,11.33812403678894
83,4,2106.071533203125,8603893.681818182,0.4749001515182582,0.5832657257991634,41.067692669955164,3442.079922762784,4.850696659088134,0.7026485840258646,0.9216527211195874,169.16659545898438,11.3361656665802
84,4,2124.1340169270834,8586144.3,0.509242394566536,0.6101495953011853,40.980289967854816,3312.09638671875,4.546573114395142,0.7033488119832547,0.9163561171412489,168.54234313964844,11.533813953399658
85,4,2241.565958658854,9694966.041666666,0.5468339597185453,0.5714994928763762,42.9497283299764,3757.1515299479165,4.57948670387268,0.7075355973587233,0.9255015779229069,169.17645263671875,11.33767318725586
86,4,2160.6863403320312,7593963.796875,0.5815812619403005,0.6089845877825697,43.69458365440369,4163.678489685059,4.621054708957672,0.7020952130529416,0.9152606419727676,170.5218048095703,11.382392644882202
87,4,2041.2367655436199,8045000.083333333,0.5159145407378674,0.6350543788750463,40.99261061350504,3299.272013346354,4.724400186538697,0.7022360624345406,0.9145221382511417,169.7337188720703,11.406009912490845
88,4,2098.8560884915864,7705520.961538462,0.6104068458080292,0.5751512716393821,38.76711830726037,3391.0260056715747,4.71857408285141,0.6911528393483157,0.9111406798425943,169.4167022705078,11.479643106460571
89,4,1984.0808410644531,7670193.770833333,0.5136275719851255,0.6308903707180525,43.765567779541016,4039.6164347330728,4.4518980264663695,0.7024477475182502,0.9177600525387744,168.89097595214844,11.428534030914307
90,4,2015.0911499023437,7600165.425,0.5912267893552781,0.5973007082381357,41.71037368774414,3824.2792724609376,4.666040074825287,0.7023870018016429,0.919446135951531,168.91259765625,10.983045816421509
91,4,2172.330011541193,10393117.863636363,0.4425330711528659,0.6384558335393601,40.0993428663774,3430.467928799716,4.593578469753266,0.6893321837113258,0.9213302039305041,168.95590209960938,11.443019390106201
92,4,1943.9016036987305,7358003.25,0.5620717683341354,0.5962207184817978,43.15045988559723,3834.6876831054688,4.437780451774597,0.7049802422395366,0.9184110191459978,169.05287170410156,11.406093835830688
93,4,1951.6304368239182,7219264.557692308,0.5836691982471026,0.5823492572840817,39.556487596951996,3043.1795043945312,4.653794133663178,0.7072898459746872,0.9137861050064131,168.64207458496094,11.437458992004395
94,4,2000.284921499399,7412685.576923077,0.5196242064524156,0.6421059765331386,39.71331552358774,3277.75434758113,4.542550325393677,0.7089514152911592,0.9202561668934328,169.6132354736328,11.224212169647217
95,4,1982.2011980329241,7817966.642857143,0.5559031762698267,0.5910716353729966,37.434119497026714,3106.17043195452,4.976711761951447,0.6999566038342999,0.913759616190546,169.86865234375,11.39806866645813
96,4,2052.2992506760816,8204975.730769231,0.4811754569124717,0.6358294825378134,38.70788970360389,2994.609370304988,4.636169147491455,0.7067841591948734,0.9194243827139893,169.38967895507812,11.393321990966797
97,4,2161.7406944861777,10367950.153846154,0.46811076511557287,0.5937637418385976,44.7603880075308,3498.6407846304087,4.695717144012451,0.7105167482376344,0.916050352739701,169.49356079101562,11.446685791015625
98,4,1935.6507286658655,6829845.769230769,0.6146410199312063,0.6278594582499808,39.87499266404372,3070.8539006159854,4.579595148563385,0.6973636165745768,0.9044100625707235,170.9795379638672,10.965050458908081
99,4,2098.3917424128604,8324735.365384615,0.5163903030781791,0.5963232758228942,43.28011762178861,4235.046875,4.7178640127182,0.6806105854143227,0.9063220767335498,170.40821838378906,11.40514612197876
100,5,2309.3082194010417,9050111.383333333,0.4769015348205964,0.6221299435722532,41.41872711181641,3470.312947591146,4.631662881374359,0.6896107936738752,0.9147232691600937,170.2191162109375,11.988573551177979
101,5,2188.3939208984375,8057857.5,0.4322175995136301,0.600562689918397,39.00289726257324,2887.9468383789062,4.890582466125489,0.7019699648341713,0.9175009283468091,170.36778259277344,11.498773574829102
102,5,2236.4738123276657,8617123.05882353,0.47929555988487077,0.6622860992718947,42.21154987110811,3144.8101447610293,4.456358623504639,0.7083650226811825,0.9217134798340719,170.26382446289062,11.37253999710083
103,5,2179.9242030552455,9116673.625,0.4186130268499255,0.6200947311037179,42.15205260685512,3337.5900355747767,4.585293543338776,0.6968827363217793,0.9173846972730976,170.0141143798828,11.38174557685852
104,5,2201.417157854353,8313998.142857143,0.5709301031061581,0.6606409976489133,42.87728227887835,3778.0534144810267,4.6024536967277525,0.7000944428338979,0.9195707422160714,170.24452209472656,11.438681364059448
105,5,2251.4589111328123,8816413.3,0.47340392172336576,0.6591906675855548,44.69010302225749,3813.7574951171873,4.421768617630005,0.6971974629881144,0.9216783352781583,170.20748901367188,11.358919858932495
106,5,2202.1392735072545,8245958.785714285,0.43329630153519766,0.6312517802468949,44.67519692012242,4384.970197405134,4.691345000267029,0.6979410142447142,0.9261989284956618,169.9447021484375,11.485585927963257
107,5,2207.0003051757812,8801101.75,0.4503534287214279,0.6597935948708618,42.8284558057785,3986.9740600585938,4.672901809215546,0.6997263645725893,0.9200188322657651,169.52052307128906,11.434430837631226
108,5,2345.293654221755,9885764.192307692,0.3698157345732817,0.6201421868673855,47.127476325401894,4690.890934870793,4.652545773983002,0.6941762131848843,0.9185423254478117,169.8483123779297,11.06047248840332
109,5,2132.8690748948316,8307654.019230769,0.46532723049704844,0.6603912775454778,39.73988048846905,2986.857403094952,4.610306215286255,0.7053672525741225,0.9191535431887203,169.95504760742188,11.44702672958374
110,5,2024.9343912760417,7049115.55,0.550744125743707,0.697611967987948,42.96980018615723,4167.768603515625,4.728633093833923,0.6991340727748896,0.9092690632070111,172.4405059814453,11.47449803352356
111,5,2093.5760091145835,7580703.833333333,0.594004609187444,0.6620070371639212,41.42625427246094,3918.3353271484375,4.735069382190704,0.6900240441367129,0.9111350582152353,171.190185546875,11.39912724494934
112,5,2260.9122314453125,9293738.576923076,0.5294796984929305,0.6290700941523626,43.805972172663765,4478.324594350962,4.427388393878937,0.7067457053046748,0.9197017421754948,169.76263427734375,11.431896209716797
113,5,2117.7645263671875,8602237.416666666,0.5628485530614853,0.6269983234749125,40.81001504262289,3028.855153401693,4.823430299758911,0.697268428428006,0.9138557341618456,169.80177307128906,11.49374008178711
114,5,2040.6744559151787,7433262.107142857,0.565201458122049,0.6191998792170924,40.968576431274414,3357.1664603097097,4.717013823986053,0.7000716017199458,0.914755307851235,170.3715057373047,11.291175127029419
115,5,2005.6217476981026,6732877.928571428,0.5380259730986187,0.6733704261306351,43.987354142325266,4232.211181640625,4.475621092319488,0.7006679080023257,0.9106969824127104,170.92259216308594,11.483891248703003
116,5,2107.4759347098216,7877344.071428572,0.5752310768834182,0.6311968127541131,42.06708363124302,3358.6006469726562,4.6079538583755495,0.6954204833343953,0.9147019492922714,170.7470703125,11.374260902404785
117,5,2076.3307669503347,7649726.535714285,0.5860375165939331,0.6670160174492304,44.86511952536447,3858.5557948521205,4.8928595066070555,0.6969034962007137,0.9081957594395046,170.70457458496094,11.416531562805176
118,5,2077.9689418247767,7733024.267857143,0.5757914877363614,0.6796090426735875,47.35770280020578,4543.936322893415,4.567276573181152,0.6949400029165111,0.9089131272475072,170.00608825683594,11.399910926818848
119,5,2157.652888371394,8624441.423076924,0.5921584866367854,0.6656557123429996,45.298460740309494,4137.0797776442305,4.638503229618072,0.6993215063152042,0.919956252990627,169.43136596679688,11.410261392593384
120,6,2161.053855202415,8273255.636363637,0.5864427143877203,0.6253176149506481,45.077087749134414,4375.6804088245735,4.619504392147064,0.6944488857453528,0.9157770165695389,169.86163330078125,12.022799253463745
121,6,2155.005027077415,7942879.681818182,0.4950327927416021,0.6688623856761804,41.45972668040883,3270.8979714133525,4.530197811126709,0.6961982688094297,0.9202552576111304,169.93211364746094,11.342101812362671
122,6,2064.4880227481617,7195387.632352941,0.5550918421324562,0.6914455765179877,40.420986736522,3230.5358240464157,4.803332555294037,0.6812849230032643,0.9245104180185649,170.312744140625,11.314634084701538
123,6,2194.6351693960337,8639690.653846154,0.47451500995801044,0.6379045424238114,46.36612525353065,4902.616830679087,4.650404691696167,0.6851872191018012,0.9099156781510314,171.79238891601562,11.30046272277832
124,6,2071.7028076171873,7865033.75,0.5251575459415714,0.6353039321564242,35.883544794718425,2316.8544677734376,4.692213618755341,0.6900653444205108,0.9120699669782072,170.87193298339844,11.365281820297241
125,6,2057.186248779297,7767675.208333333,0.46071609885742265,0.6915454502701113,42.472904682159424,4286.426249186198,4.54492290019989,0.6864649967147114,0.913707435144808,170.0509490966797,11.296521186828613
126,6,2033.6045706612724,7092519.75,0.4886271341570786,0.6361962766735001,44.25330107552664,3767.280596051897,4.631259047985077,0.6850567094362928,0.9106162275495148,169.4772186279297,11.389286041259766
127,6,2258.409601384943,8893376.477272727,0.19299287696114995,0.711502298683411,57.16897600347345,7304.788929332386,4.851662695407867,0.69165529545266,0.9098401462809717,173.3197784423828,11.307555675506592
128,6,2073.1773817274307,7719953.25,0.4763955726391739,0.6836128854694747,41.39853159586588,3290.0248345269097,4.803193438053131,0.6995954569618339,0.9076994024946435,171.9066925048828,11.43877124786377
129,6,2071.4229125976562,8101262.083333333,0.5244580470025539,0.6495197227649052,48.58184703191122,6032.076487223308,4.676787304878235,0.6935096503705513,0.909961627798871,171.11338806152344,11.353963851928711
130,6,2102.4293131510417,7541344.716666667,0.5161967774232229,0.6983154542768675,42.6012929280599,4162.863305664063,4.601050055027008,0.6960087677113628,0.9109619301213108,171.0560760498047,11.347373008728027
131,6,2145.1313698508525,8304754.0227272725,0.49427342211658304,0.6936799726738088,47.269868503917344,5731.685813210227,4.659231567382813,0.6891813567334275,0.9090246257677708,170.1237335205078,11.251472473144531
132,6,2242.3888827237215,9103364.863636363,0.4046023901213299,0.6872988588046971,41.90549573031339,4083.9039473100142,4.679207909107208,0.6947522832066619,0.9183722356776892,169.4797821044922,11.3648362159729
133,6,2120.0798117897725,8036666.5,0.49118306555531244,0.7049470540858489,45.383753689852625,5029.3575439453125,4.596962368488311,0.6939546281662619,0.9102919591253382,170.05503845214844,11.438813924789429
134,6,2107.8709528996396,7875807.153846154,0.5642202955025893,0.6842356874664222,43.444172198955826,4817.783268855168,4.727596056461334,0.6855035947530617,0.9074800168328248,170.17623901367188,11.269522666931152
135,6,2126.0670369466147,8232306.166666667,0.5316822226256287,0.6515061799018618,41.323883374532066,2813.8724263509116,4.691164219379425,0.6975068107401251,0.9111277164277325,170.10462951660156,10.98786973953247
136,6,2069.3370924729566,7533130.923076923,0.4797891045992191,0.6895782537728381,46.11311076237605,4672.722374549279,4.603399217128754,0.6948462557806373,0.9174458672567724,169.98483276367188,11.306589126586914
137,6,2108.3598965731535,7703326.454545454,0.48754836212504993,0.6614216109202993,44.149113394997336,4248.7821932705965,4.710725784301758,0.6963131550106151,0.9077506868309767,168.96490478515625,11.351237773895264
138,6,2048.57559640067,7829677.303571428,0.5046248422669513,0.6945600978743112,46.34739862169538,4958.786237444197,4.590183746814728,0.6819311243605256,0.9091246648032859,169.6339111328125,11.407816171646118
139,6,2152.0991734095983,8737920.339285715,0.5098609035568578,0.6883024602734163,42.66146169389997,4213.826572963169,4.548139762878418,0.691756875053696,0.9122132446420919,169.0250701904297,11.276535749435425
140,7,2115.397442157452,8185196.326923077,0.5699133660930854,0.7010628675456185,45.32091933030348,4340.539870042067,4.423460340499878,0.6963036348154609,0.9167275509853458,170.07801818847656,11.953999519348145
141,7,2171.9951829176684,8898287.98076923,0.5056366255650153,0.687292391981813,47.869470009436974,5210.279982346755,4.757991445064545,0.6942535760253061,0.9201509182819404,168.63363647460938,11.375635385513306
142,7,2157.0238224909854,8560978.134615384,0.4499441067186686,0.7110066415153548,42.73876248873197,3973.6943359375,4.93761796951294,0.6878085529245915,0.9107144957649733,170.08497619628906,11.44913935661316
143,7,2199.1348266601562,8605388.25,0.41225106045603754,0.6893495319222483,50.76135673522949,6042.826159667969,4.640086686611175,0.6862072747924626,0.9024473187494065,170.5476531982422,11.258997678756714
144,7,1934.3903547014509,6722149.428571428,0.5360686294734478,0.6842401826274702,38.77231706891741,2662.285862513951,4.764654552936554,0.6850295866943418,0.9034276383818742,169.66758728027344,11.31724214553833
145,7,2148.223867563101,8509541.826923076,0.4435668968810485,0.6470428571791111,44.932776377751274,4168.852032001202,4.658197808265686,0.6882831706013324,0.9063650056261532,169.5702667236328,11.28885269165039
146,7,2027.9677734375,7394238.9,0.536438611522317,0.6997365126983045,45.99789314270019,4691.900866699219,4.7064493060112,0.680844315696746,0.8971895783397985,171.3947296142578,11.344001531600952
147,7,2038.4120483398438,7486302.541666667,0.4204546877493461,0.6848192829270585,45.66337966918945,4833.881245930989,4.836402571201324,0.6846540869745972,0.9019747992657537,170.4781036376953,11.398340463638306
148,7,1992.474112374442,7463390.571428572,0.5483791684465749,0.6792020115842018,43.256580216544016,3980.8021153041295,4.83810123205185,0.6921977122764804,0.900323730521331,170.716552734375,11.412397861480713
149,7,2094.588633219401,7675160.041666667,0.44827504580219585,0.6670590348376723,44.350070317586265,4404.675262451172,5.042555487155914,0.6915343332338633,0.9001366448919452,171.84963989257812,11.472452163696289
150,7,2033.2568359375,7414905.409090909,0.5530810166488994,0.7030873501184493,41.28566637906161,3094.378584428267,4.935923969745636,0.6828328933603226,0.9007430845595822,172.36346435546875,11.446340084075928
151,7,1976.236661044034,6950374.5227272725,0.5653840398246591,0.6957414602659053,47.1187067898837,4774.2995938387785,5.210717391967774,0.6730524738377158,0.9005323170981132,171.37020874023438,11.365938186645508
152,7,2032.872958096591,7993920.159090909,0.5524946017698809,0.7108378008271301,46.50944657759233,4638.4350253018465,4.871495997905731,0.6747615967637641,0.8956141533540262,171.06004333496094,11.481077194213867
153,7,2057.0345458984375,7643403.625,0.41807567048817873,0.7132324314307948,50.39382076263428,5128.2444254557295,4.725891244411469,0.6819529052139266,0.9000120508252663,170.48870849609375,11.38649845123291
154,7,1971.1291015625,7306460.966666667,0.5955379287401835,0.6974846868352829,42.163384119669594,3698.2877848307294,4.901200604438782,0.6738955093168835,0.9032755348850913,170.41822814941406,11.41743278503418
155,7,1899.2977469308037,6492729.267857143,0.5488376809017999,0.7145726002957739,40.66330174037388,3449.2323128836497,4.855857074260712,0.6780945264120277,0.901016880050648,170.68206787109375,11.372687816619873
156,7,2050.223876953125,7353213.2,0.5239352542907,0.6571474355750943,43.009212239583334,3433.252506510417,4.917635869979859,0.6818953812102704,0.9053401033529012,170.66537475585938,11.379070520401001
157,7,1852.5757649739583,6427094.979166667,0.4159441056350867,0.7222952779735708,48.480759938557945,4770.291025797526,4.960839581489563,0.6793621188755787,0.9048472574930349,171.1089630126953,11.464978694915771
158,7,2115.5189772385816,8139205.0,0.46462423640948075,0.6635848948396783,45.58852767944336,4223.034996619592,4.925063872337342,0.6783967447452568,0.8956408722319491,170.7843780517578,11.445468187332153
159,7,1913.7352670522837,6439611.384615385,0.532456999214796,0.7113806268854209,46.80635775052584,4573.065401517428,4.786739838123322,0.6861821268454126,0.9053306583858929,170.51663208007812,11.437844514846802
160,8,2053.025373186384,7359447.821428572,0.44455315811293467,0.7111094007031064,39.28452014923096,2969.4601702008927,4.770444107055664,0.6737664844096912,0.9069717934748205,169.49798583984375,12.027235984802246
161,8,2153.082441057478,8510164.625,0.4414942339062691,0.7131327086875946,47.695512362888884,4964.308367047991,4.729392874240875,0.6828383968314566,0.9052186101101685,169.5558624267578,11.415862083435059
162,8,1966.0968627929688,6784757.375,0.5151306039520672,0.6732725361830167,46.92070129939488,4510.319362095424,4.88751722574234,0.6782037012503996,0.9062741604197674,168.38851928710938,11.438554048538208
163,8,1949.1063929966517,6547462.714285715,0.5576761375580516,0.7194205842929711,40.46988936832973,3214.0918491908483,4.852280533313751,0.6791827125146546,0.9147498042318999,168.7268524169922,11.309974193572998
164,8,2042.451151529948,7610978.958333333,0.47090939013287425,0.7176630447115366,47.910374800364174,5422.126953125,4.869289779663086,0.6802034937698893,0.9070632652380842,168.62118530273438,11.366389274597168
165,8,2054.548329671224,7625738.875,0.5064351974676052,0.6863845459246222,47.32295068105062,5084.28901163737,4.802421462535858,0.6814280386595193,0.9105619789087624,168.7129364013672,11.369588375091553
166,8,2032.0984293619792,7642315.708333333,0.5768686644732952,0.7350931988194238,44.819642066955566,4017.026123046875,4.78041820526123,0.6897348755316635,0.9080194092490311,168.51234436035156,11.350595474243164
167,8,2120.74214054988,8366348.538461538,0.4814214494365912,0.7068297300067357,49.9914310161884,5929.339421198918,4.814683759212494,0.6825154389442052,0.8975257368407827,168.63426208496094,11.297050952911377
168,8,2042.9459838867188,7689887.25,0.4848765650143226,0.7232333518931727,46.86089690526327,4767.128845214844,4.624108052253723,0.6819937981897255,0.9018709053957226,169.3209228515625,11.185811996459961
169,8,1971.6991743607955,7027499.681818182,0.5636543773792007,0.6811373931374349,51.03596357865767,5486.441961115057,4.809328103065491,0.6658502574852851,0.9087495463223221,169.081298828125,11.293249368667603
170,8,1933.1175333658855,6462935.645833333,0.4715680268903573,0.7401080173397393,42.11563046773275,3197.473932902018,4.894948470592499,0.6728618732691458,0.9012545820426995,171.92828369140625,11.247338771820068
171,8,1980.8668579101563,6862887.175,0.5304546445608139,0.7397184802644678,49.95778121948242,5917.00185546875,4.9243857860565186,0.6720254741979956,0.9091704942980986,169.61279296875,11.129587411880493
172,8,2024.7787475585938,7031071.166666667,0.5222095487018427,0.7152337232178774,47.53819274902344,5182.132049560547,4.7928375720977785,0.6827471111114636,0.8992516727135138,170.74234008789062,11.260402202606201
173,8,2028.2043334960938,7183468.475,0.4834703043103218,0.7379942545472048,48.69164409637451,5523.2950439453125,4.657085597515106,0.6806656307301835,0.9077939827539462,170.55381774902344,11.285210847854614
174,8,2130.7396484375,8591587.475,0.4788584128022194,0.728138751143104,42.07231521606445,3311.1645629882814,4.703864347934723,0.6882475382864541,0.9127158598493994,170.04600524902344,11.143326997756958
175,8,1998.8440385298295,7482248.136363637,0.5067626583305272,0.7331733405071938,40.716384714299984,3207.9249267578125,5.082805395126343,0.6771182296702188,0.9075145949878294,170.38134765625,11.28036880493164
176,8,1941.2428644353693,6664594.068181818,0.5094938203692436,0.7395471128447287,46.84858790310946,4972.5682373046875,4.867456591129303,0.6806324743262294,0.9090743319260712,169.820556640625,11.285974979400635
177,8,2089.5139493075285,8301835.2727272725,0.36519888043403625,0.6996517527734001,49.28660999644887,5270.619229403409,4.8320553541183475,0.6790154665605264,0.9098553494744855,170.55516052246094,11.353535175323486
178,8,2042.4871419270833,7914999.416666667,0.3648781292140484,0.698414387118774,48.64164288838705,5512.924173990886,4.6621994972229,0.6858953062828448,0.908951342934999,171.02059936523438,11.381833791732788
179,8,1973.13720703125,6829582.375,0.5191175416111946,0.6930342855364484,48.90623251597086,5758.408467610677,4.7625672817230225,0.6864353488684776,0.9089248927028051,169.4363555908203,11.312992334365845
180,9,2168.3103637695312,8362633.479166667,0.4630714173739155,0.7267773528696828,49.50935459136963,5562.243092854817,4.926555740833282,0.6835006166844759,0.9120320802732381,169.82493591308594,11.985555410385132
181,9,2042.3073221842449,7814430.041666667,0.38982634246349335,0.7476104958609809,43.352233250935875,4151.801076253255,5.089699769020081,0.6767346233485015,0.9154846966801878,171.4047393798828,11.302268266677856
182,9,2085.451083096591,7778437.795454546,0.35316775705326686,0.7490483885180146,43.26994462446733,3731.184881036932,4.735893821716308,0.6706439224568859,0.9093272893571049,171.2535400390625,11.391802310943604
183,9,2041.4639986478364,7491570.192307692,0.35320266909324205,0.7586348435720293,45.63904219407301,4292.955190805288,4.768000304698944,0.6828181888738716,0.9173025471618242,170.16880798339844,11.298832654953003
184,9,2034.8884840745193,7581659.807692308,0.4279700540579282,0.7485307495407604,42.60915360083947,3704.4568152794473,4.8735188245773315,0.6860242399098995,0.9077939289445972,170.14549255371094,11.214293956756592
185,9,2101.49990234375,8230666.675,0.4317781288176775,0.7034844493443408,51.95475845336914,5937.0146484375,4.825071012973785,0.6781682673397863,0.9143840785435777,170.36134338378906,11.302495956420898
186,9,1933.2376990685095,6535666.75,0.4542988815989632,0.7198447963339144,41.98357802170973,3328.0997596153848,4.990680086612701,0.6741137327875641,0.9081157982338681,171.50479125976562,11.386910438537598
187,9,1916.7537536621094,6606887.958333333,0.45406463121374446,0.7417666666688333,36.91556739807129,2769.2584025065103,4.970404744148254,0.6808209765566411,0.9008833723274373,170.76658630371094,11.402676343917847
188,9,1900.0513916015625,6462916.75,0.5293513461947441,0.7124820624289432,41.692492961883545,3248.6944783528647,5.134963655471802,0.6807449469648518,0.90686104182584,170.4163818359375,11.333998918533325
189,9,2036.3319946289062,7474655.1,0.4501743961125612,0.7136651289085507,40.64777946472168,3221.5267944335938,4.842915046215057,0.672799596439811,0.8999296313813595,170.6655731201172,11.365708351135254
190,9,1893.15751953125,6242974.158333333,0.4991812691092491,0.6693027236198608,41.72628962198893,3319.572090657552,4.857753324508667,0.6808600268252579,0.9133113151762231,171.0380096435547,11.276304006576538
191,9,1998.3577968052455,7124878.053571428,0.46142190641590525,0.6978605144773066,39.15496976034982,2942.7056187220983,5.064956378936768,0.6749791522304529,0.9028843007989871,171.1737518310547,10.977483034133911
192,9,2009.4171752929688,7609550.8125,0.517109145099918,0.7038684407973168,38.81558243433634,2948.5736694335938,4.924604535102844,0.6811086525452292,0.9055574380912983,170.63414001464844,11.268304586410522
193,9,2221.3929307725693,8871840.138888888,0.4660238019294209,0.7534426590346573,39.02672937181261,2704.2774861653647,4.892087936401367,0.6728583592816297,0.8966793937469764,170.39883422851562,11.281650066375732
194,9,1866.545401436942,6338830.178571428,0.4777762166091374,0.7483036503320005,45.381587982177734,4353.147574288504,5.14351145029068,0.675617624171492,0.9030782346343906,170.34805297851562,11.2992582321167
195,9,1985.747334798177,7073410.666666667,0.5143898154298464,0.7112103338336342,41.022663593292236,3127.6001942952475,4.998388612270356,0.675249191366962,0.9039471414557078,170.24746704101562,11.309492588043213
196,9,1946.3121892755682,6689430.9772727275,0.48960314047607506,0.7086592498015152,48.301607305353336,4299.1651833274145,4.866006696224213,0.6786725898729066,0.9071964583153624,169.8446807861328,11.257128715515137
197,9,1887.8675315163352,6117884.545454546,0.46955765478990297,0.7604798948429858,46.9235558943315,4504.6418789950285,4.9063372135162355,0.6751166623147093,0.893808187121404,170.6312713623047,11.3181312084198
198,9,1839.1320356889205,5978022.7727272725,0.515371787277135,0.7582650970217034,51.97671474109996,6868.0623113458805,4.913513863086701,0.6771805775356599,0.8992854877347733,170.13800048828125,11.474884033203125
199,9,1991.4736735026042,6830044.416666667,0.44449259092410404,0.7575860498841445,46.999616940816246,4568.818766276042,4.941925537586212,0.6756646182183927,0.9085286157521878,169.8011016845703,11.289398908615112
