frame,ref_update_id,mem_MAE,mem_MSE,mem_NCC,mem_edge_sym_dist,sparse_MAE,sparse_MSE,sparse_centroid_NN,sparse_recall,sparse_precision
0,0,1789.668935922476,6680188.115384615,0.6136301022309524,0.47381611825743575,40.00308286226713,2533.9312133789062,4.109066295623779,0.7247469029786523,0.928879469634726
5,0,1824.223885672433,6641539.910714285,0.5952095682067531,0.48726719881513353,39.83437088557652,2688.77579171317,4.240235769748688,0.7278924126463288,0.9328319234528296
10,0,1765.695087139423,7703243.836538462,0.6452294847426506,0.4717970472460862,39.6029608799861,2804.683790940505,4.466089427471161,0.7247819544269284,0.9282962526560796
15,0,1730.6013895670574,6769905.104166667,0.5827185387412707,0.47639435243013273,40.2074826558431,2982.2930806477866,4.403936445713043,0.7214989960042226,0.9295761851121199
20,1,1907.1726902553014,9142250.388392856,0.5063249564596585,0.48688193184082673,41.19531672341483,3047.5181710379466,4.295466494560242,0.7281479464996883,0.9292099253418545
25,1,1953.7577373798076,7951433.653846154,0.6268378473245181,0.48962289427862293,39.933554282555214,2950.789560171274,4.290631783008576,0.7238092264163202,0.9325308176130795
30,1,1854.167081705729,7394182.15,0.6230810989936193,0.4864584081114254,38.66446189880371,2614.2885172526044,4.302254557609558,0.7217341467885259,0.9381072598030349
35,1,1811.021110534668,7760622.6484375,0.497447008267045,0.5019344461173312,39.44413912296295,2847.5645294189453,4.235571086406708,0.7319929443558043,0.931630688492581
40,2,1806.060834612165,6705067.946428572,0.6655988288777215,0.5332515641534554,40.179872921534944,3216.164053780692,4.437331318855286,0.7183381471728479,0.9324415624075796
45,2,1778.2637736002605,7273779.302083333,0.6085872696130536,0.5074265888407856,41.647175788879395,3964.9986368815103,4.501240837574005,0.7230616661249455,0.9291363098880143
50,2,1873.8709716796875,7274832.886363637,0.6630522933873263,0.539211943892173,45.706209356134586,4559.9906227805395,4.645541667938232,0.725013481271874,0.930541237775515
55,2,1766.0372032752405,6092136.865384615,0.6052179084374354,0.5213433905375786,41.46955900925856,3095.9671536959136,4.4725796461105345,0.71346844763521,0.9320846108525238
60,3,2129.7520141601562,8212990.458333333,0.5579992284377416,0.5574177599333972,43.202010790506996,3614.069376627604,4.645799386501312,0.7068987457603332,0.9279894490351339
65,3,2000.9400024414062,7723776.3125,0.6285737566649914,0.5802896519618754,40.418421586354576,3193.045694986979,4.395634865760803,0.7129091222071423,0.9323763683951466
70,3,2025.166240985577,8338184.134615385,0.5477789015724108,0.5536405098517889,43.457190146813026,4080.7717566856973,4.538867008686066,0.7108886808121188,0.9283205074548466
75,3,1888.7393704927886,7038122.0,0.5309322828856798,0.6063736915125275,38.49157685499925,2554.62114070012,4.433510518074035,0.703824686884521,0.9201823596766552
80,4,2043.5803629557292,8018328.65625,0.3866370435183247,0.5658766035933512,45.225375175476074,4379.561655680339,4.735122275352478,0.7102588735277429,0.9194867487600549
85,4,2241.565958658854,9694966.041666666,0.5468339597185453,0.5714994928763762,42.9497283299764,3757.1515299479165,4.57948670387268,0.7075355973587233,0.9255015779229069
90,4,2015.0911499023437,7600165.425,0.5912267893552781,0.5973007082381357,41.71037368774414,3824.2792724609376,4.666040074825287,0.7023870018016429,0.919446135951531
95,4,1982.2011980329241,7817966.642857143,0.5559031762698267,0.5910716353729966,37.434119497026714,3106.17043195452,4.976711761951447,0.6999566038342999,0.913759616190546
100,5,2309.3082194010417,9050111.383333333,0.4769015348205964,0.6221299435722532,41.41872711181641,3470.312947591146,4.631662881374359,0.6896107936738752,0.9147232691600937
105,5,2251.4589111328123,8816413.3,0.47340392172336576,0.6591906675855548,44.69010302225749,3813.7574951171873,4.421768617630005,0.6971974629881144,0.9216783352781583
110,5,2024.9343912760417,7049115.55,0.550744125743707,0.697611967987948,42.96980018615723,4167.768603515625,4.728633093833923,0.6991340727748896,0.9092690632070111
115,5,2005.6217476981026,6732877.928571428,0.5380259730986187,0.6733704261306351,43.987354142325266,4232.211181640625,4.475621092319488,0.7006679080023257,0.9106969824127104
120,6,2161.053855202415,8273255.636363637,0.5864427143877203,0.6253176149506481,45.077087749134414,4375.6804088245735,4.619504392147064,0.6944488857453528,0.9157770165695389
125,6,2057.186248779297,7767675.208333333,0.46071609885742265,0.6915454502701113,42.472904682159424,4286.426249186198,4.54492290019989,0.6864649967147114,0.913707435144808
130,6,2102.4293131510417,7541344.716666667,0.5161967774232229,0.6983154542768675,42.6012929280599,4162.863305664063,4.601050055027008,0.6960087677113628,0.9109619301213108
135,6,2126.0670369466147,8232306.166666667,0.5316822226256287,0.6515061799018618,41.323883374532066,2813.8724263509116,4.691164219379425,0.6975068107401251,0.9111277164277325
140,7,2115.397442157452,8185196.326923077,0.5699133660930854,0.7010628675456185,45.32091933030348,4340.539870042067,4.423460340499878,0.6963036348154609,0.9167275509853458
145,7,2148.223867563101,8509541.826923076,0.4435668968810485,0.6470428571791111,44.932776377751274,4168.852032001202,4.658197808265686,0.6882831706013324,0.9063650056261532
150,7,2033.2568359375,7414905.409090909,0.5530810166488994,0.7030873501184493,41.28566637906161,3094.378584428267,4.935923969745636,0.6828328933603226,0.9007430845595822
155,7,1899.2977469308037,6492729.267857143,0.5488376809017999,0.7145726002957739,40.66330174037388,3449.2323128836497,4.855857074260712,0.6780945264120277,0.901016880050648
160,8,2053.025373186384,7359447.821428572,0.44455315811293467,0.7111094007031064,39.28452014923096,2969.4601702008927,4.770444107055664,0.6737664844096912,0.9069717934748205
165,8,2054.548329671224,7625738.875,0.5064351974676052,0.6863845459246222,47.32295068105062,5084.28901163737,4.802421462535858,0.6814280386595193,0.9105619789087624
170,8,1933.1175333658855,6462935.645833333,0.4715680268903573,0.7401080173397393,42.11563046773275,3197.473932902018,4.894948470592499,0.6728618732691458,0.9012545820426995
175,8,1998.8440385298295,7482248.136363637,0.5067626583305272,0.7331733405071938,40.716384714299984,3207.9249267578125,5.082805395126343,0.6771182296702188,0.9075145949878294
180,9,2168.3103637695312,8362633.479166667,0.4630714173739155,0.7267773528696828,49.50935459136963,5562.243092854817,4.926555740833282,0.6835006166844759,0.9120320802732381
185,9,2101.49990234375,8230666.675,0.4317781288176775,0.7034844493443408,51.95475845336914,5937.0146484375,4.825071012973785,0.6781682673397863,0.9143840785435777
190,9,1893.15751953125,6242974.158333333,0.4991812691092491,0.6693027236198608,41.72628962198893,3319.572090657552,4.857753324508667,0.6808600268252579,0.9133113151762231
195,9,1985.747334798177,7073410.666666667,0.5143898154298464,0.7112103338336342,41.022663593292236,3127.6001942952475,4.998388612270356,0.675249191366962,0.9039471414557078
199,9,1991.4736735026042,6830044.416666667,0.44449259092410404,0.7575860498841445,46.999616940816246,4568.818766276042,4.941925537586212,0.6756646182183927,0.9085286157521878
