frame,ref_update_id,elapsed_s,mem_MAE,mem_MSE,mem_NCC,mem_edge_sym_dist,mem_nMAE,mem_nRMSE,sparse_MAE,sparse_MSE,sparse_nMAE,sparse_nRMSE,sparse_centroid_NN,sparse_recall,sparse_precision
0,0,18.4794442653656,170.14649047851563,77900.8953125,0.9720135778188705,0.47381611825743575,0.03389011766886847,0.05441585322026917,36.15511331558228,4279.207336425781,0.15981287412722475,0.2797239380793049,4.109066295623779,0.7247469029786523,0.928879469634726
1,0,17.566768884658813,170.48788566589354,78459.13955078126,0.9722079753875732,0.4672780378840444,0.03370385009531692,0.05423105315243383,35.134065818786624,4150.2978515625,0.15682249166151477,0.27844530157387226,4.1467057228088375,0.7288685486496684,0.9324168278088367
2,0,17.737552165985107,170.96900520324706,78948.1822265625,0.9720268934965134,0.46496278430609006,0.033816061082361216,0.05442766400714444,36.65340919494629,4291.9419921875,0.1638960268975152,0.28411028262348637,4.2799832105636595,0.7233664791269402,0.9234346648772759
3,0,17.711447954177856,170.5089485168457,78427.27314453125,0.9720782399177551,0.4701734050332244,0.033798559862810086,0.05439588065968063,35.09423093795776,4176.553308105469,0.15837654547567506,0.2814234421915057,4.1638647556304935,0.7361971837951604,0.9330156829388679
4,0,17.682504892349243,170.2880615234375,77970.31357421874,0.9722793281078339,0.47397517213759655,0.03374155499027828,0.054197236094651616,35.486610126495364,4241.567810058594,0.1595818230088987,0.28376629323686986,4.476326251029969,0.7255658962352862,0.9299526813736891
5,0,17.642162322998047,173.24100456237792,83248.5208984375,0.9706351846456528,0.48726719881513353,0.03415276909261202,0.0554875067143364,36.18236227035523,4308.050988769532,0.16262741477137999,0.2861982650184197,4.240235769748688,0.7278924126463288,0.9328319234528296
6,0,17.76405167579651,170.69628448486327,78320.35224609375,0.9719898641109467,0.47529355525399686,0.03392313721945245,0.054496921327027124,35.520613479614255,4224.868444824218,0.16007898553850608,0.2835668423816572,4.324647772312164,0.7304010753457149,0.9321331760933038
7,0,17.737712144851685,170.4684310913086,77911.083203125,0.9721246123313904,0.4721447098717599,0.03390355700718504,0.0543849961189942,34.98699531555176,4149.749182128906,0.1570892824439094,0.2809310893828693,4.476833534240723,0.7231977129276163,0.933291176163995
8,0,17.656908988952637,170.53539505004883,78115.41357421875,0.9720283538103104,0.4719892800984975,0.033951631225842535,0.05451238773801829,34.583415031433105,4102.567639160156,0.15541677814822852,0.27926255297242397,4.383708608150482,0.7274259816661697,0.9331871181061471
9,0,17.74169635772705,170.15420112609863,77783.09814453125,0.9720786511898041,0.46768483701351676,0.033874653720536864,0.054410778133721714,35.52247333526611,4232.807543945312,0.16006300451880268,0.2838957244580383,4.3724806070327755,0.725652388946059,0.935751512501532
10,0,17.59462833404541,170.201118850708,77548.05576171874,0.9720195591449737,0.4717970472460862,0.033965017710410154,0.05447045413333278,35.73773746490478,4227.342797851563,0.16094341027430747,0.2840985510744119,4.466089427471161,0.7247819544269284,0.9282962526560796
11,0,17.70055055618286,170.01994781494142,77065.86630859374,0.9721191197633743,0.4694862378970236,0.033969638248134496,0.05437374350071865,35.28664646148682,4175.073046875,0.15846490209637135,0.2816412455819948,4.429094350337982,0.7146519721218988,0.9318192490804945
12,0,17.723319053649902,169.8265209197998,76818.23505859375,0.9721246629953384,0.4741349932509486,0.03399888931718596,0.05439790465165639,35.26400089263916,4186.48447265625,0.15858236805031037,0.2820682335362679,4.433991932868958,0.7129123735366093,0.9264210351941102
13,0,17.57230544090271,169.86789054870604,76712.606640625,0.9721016228199005,0.47365372319514637,0.03405629307945754,0.05443432601804432,34.41993427276611,4119.964587402344,0.1555789417312562,0.280730854767038,4.439620065689087,0.7186255380501234,0.9302962089600249
14,0,17.708300828933716,169.76128654479982,76830.47080078124,0.9719484597444534,0.47631416250084807,0.03411365683736799,0.05458023019910026,34.8042552947998,4122.043884277344,0.1569189206300673,0.28101278375694205,4.291940319538116,0.7151435297244803,0.930529041437234
15,0,17.590307235717773,169.55644874572755,76451.03447265625,0.9719465166330338,0.47639435243013273,0.03416282207743532,0.05461748056923208,35.48361530303955,4242.734973144531,0.16020263025189524,0.2845511960627506,4.403936445713043,0.7214989960042226,0.9295761851121199
16,0,17.8181049823761,169.63818321228027,76345.30029296875,0.971896368265152,0.4767755899657615,0.034229328786318756,0.05469852198608864,33.94343957901001,4100.623962402344,0.15331513230772054,0.27915525304637673,4.397638809680939,0.722740933319753,0.9308437072382441
17,0,17.88882803916931,169.58098945617675,76240.1056640625,0.9719352215528488,0.4784760487980342,0.03423143745809581,0.05466597168880856,33.25624752044678,4046.0056884765627,0.15013861027804687,0.277531725563642,4.271115350723266,0.7244842583471351,0.9296940323780971
18,0,17.760138273239136,169.4084144592285,75933.173828125,0.9719168990850449,0.473860154971734,0.034255996703150486,0.05467249116489133,33.231243991851805,3987.9770751953124,0.15029387025286584,0.27505492111800767,4.400859260559082,0.7192592520988084,0.9338118357616084
19,0,17.711410522460938,169.36612968444825,75935.70712890624,0.9718466818332672,0.4760623107500061,0.03431163197383108,0.05476890773222458,33.400816917419434,3988.001916503906,0.15073457111930436,0.27512737151629046,4.284385001659393,0.7160709226919436,0.9302210078875701
20,1,23.460766792297363,169.64019775390625,76147.08837890625,0.9717386335134506,0.474743183476375,0.0343986705810778,0.05488347879717319,33.95820484161377,4057.6160888671875,0.15365141938411067,0.27852086462315845,4.202742099761963,0.7246017728526536,0.9281803495632696
21,1,22.72117257118225,168.95628662109374,76209.7107421875,0.9716001451015472,0.4785039000457754,0.03429883454692507,0.05498073332891151,33.31036691665649,4075.152862548828,0.14993765573774243,0.278083120700345,4.368837285041809,0.7230778079157203,0.9274683986084474
22,1,22.57550549507141,169.75709037780763,77400.98271484375,0.9711055546998978,0.49333284827848106,0.03451640181253059,0.05547545178018852,33.739987468719484,3996.546746826172,0.1526513847621763,0.27725141211400905,4.490145623683929,0.723402119537147,0.9249561986853105
23,1,22.415919303894043,169.6268337249756,77069.2205078125,0.971141803264618,0.5008013831833777,0.03455338779451802,0.055438212707675724,34.910129165649415,4283.317224121094,0.1580771553329035,0.28630008721090955,4.411461651325226,0.7158007780251211,0.9301662796151303
24,1,22.55674695968628,169.1364486694336,77185.726953125,0.9710728019475937,0.4959057809152124,0.034475639190878316,0.05548423027969074,33.954379844665525,4026.2595825195312,0.15368348851992047,0.2784240369620434,4.310023808479309,0.727963898331388,0.9296643024614049
25,1,22.477190494537354,168.8926914215088,76918.74814453124,0.9711172461509705,0.49283399514219617,0.03442742915535037,0.05539372431863232,33.88261032104492,4065.6498901367186,0.15320762296950463,0.2788939645914762,4.1587509393692015,0.7269814767394722,0.931527424745622
26,1,18.02081608772278,169.04507637023926,76628.5689453125,0.9711907595396042,0.4883914828760614,0.03449844292409164,0.05536817146757293,34.31214714050293,4086.623651123047,0.15534024234288105,0.2802333999083527,4.410629165172577,0.7177416327332976,0.9342658757465644
27,1,17.492756843566895,168.96746101379395,76520.101953125,0.9711356639862061,0.49087462460577036,0.03453554724459455,0.05541042777516288,34.02344846725464,4068.3639892578126,0.1543067661659472,0.2797823960619618,4.320650160312653,0.7263010540461594,0.9334547177998157
28,1,18.864034175872803,168.29433479309083,76172.3767578125,0.971166017651558,0.4918877691340275,0.0344423117637898,0.055373928393482284,33.66018648147583,4046.7035522460938,0.152386540972348,0.27835038759946323,4.308263838291168,0.7204812506468599,0.938599594646749
29,1,17.429625511169434,168.53200149536133,76230.14306640625,0.9711193263530731,0.496771510224009,0.03453759990827081,0.0554462819064101,33.6534556388855,4049.7776123046874,0.15309025452746802,0.27984969578124114,4.3414505362510685,0.7229336117824787,0.9384454992022221
30,1,17.361961603164673,168.50384979248048,76111.9279296875,0.9710850208997727,0.5012221517482777,0.0345489721159737,0.05545266403715514,34.80614614486694,4180.567864990235,0.15714720398104937,0.2827618567599647,4.251343441009522,0.7252558673657424,0.9379525827870095
31,1,17.206746816635132,168.69330749511718,75858.3244140625,0.9711351901292801,0.49863426126502597,0.034635981831141735,0.05543711215803855,34.8711371421814,4200.456701660156,0.15747421567568884,0.28322394982600946,4.278995978832245,0.7231889519668266,0.9303929607834167
32,1,17.313740491867065,168.51370010375976,75897.39658203124,0.9710530281066895,0.5084140449336262,0.03464159368009564,0.055506289781700836,34.00108642578125,4116.136059570313,0.15416356995090244,0.2815984742111338,4.306701743602753,0.7180816709839977,0.934478652725604
33,1,17.14254117012024,168.26104774475098,75637.3453125,0.9710563153028489,0.5018655971833775,0.034639553843184304,0.05550439620101536,34.638005924224856,4131.185485839844,0.15738693580962168,0.2830383945859142,4.327523541450501,0.7228860564737363,0.9356532288897584
34,1,17.284963846206665,168.27502517700196,75412.20625,0.9710509210824967,0.5017173224985403,0.03469303736637161,0.05550624750510195,34.23584098815918,4006.0150756835938,0.15503964382959903,0.27768925614759565,4.4499201536178585,0.7223756078178034,0.9387169695349946
35,1,17.272035121917725,168.15395240783693,75455.8421875,0.9710043877363205,0.5029649841274454,0.0346851566088252,0.055556775749510436,34.47753915786743,4120.759448242187,0.1559335785472974,0.2809967450721689,4.225517427921295,0.736650080692037,0.9308182716725216
36,1,17.217161178588867,167.69868927001954,75209.3033203125,0.9709702581167221,0.49618528279892493,0.03467244053277568,0.05559461924068497,32.73209438323975,3973.487512207031,0.14807889875416116,0.2757226796780946,4.2318119764328,0.728979882996863,0.9301420440496078
37,1,17.302390098571777,167.75548667907714,75291.10849609374,0.9708878964185714,0.49624130227266433,0.03471694562001447,0.0556989381423025,34.56357069015503,4208.950280761719,0.15647103423448375,0.2844806535956249,4.343798744678497,0.7221131968346521,0.9299196484412162
38,1,17.25262761116028,168.1136074066162,75092.8654296875,0.9709247857332229,0.49639307664793025,0.03483028825714864,0.055674253360906145,34.23296642303467,4224.957763671875,0.1550178305139089,0.28429383434487254,4.323243737220764,0.7256034989399727,0.9351735621796564
39,1,17.24907422065735,168.00161781311036,75179.434765625,0.9708737164735795,0.49570555385847187,0.034820139499971495,0.05572796410004867,33.40666837692261,4023.5382080078125,0.15134853021893832,0.2779883412552681,4.472327649593353,0.7269972546766834,0.9313152925774076
40,2,22.42145872116089,168.0387767791748,75262.82373046875,0.9706289976835251,0.5123463202280474,0.03497043631332133,0.055993538371794195,33.57364110946655,4010.8245239257812,0.15185625153829563,0.27727011237700105,4.3483513712883,0.7233099418765669,0.9321661082157119
41,2,22.435869693756104,167.6500114440918,74778.4935546875,0.9708270341157913,0.499418079994443,0.034879180703907345,0.055781455324555786,32.64200944900513,3860.17421875,0.1478395878088806,0.2725754286100006,4.250367522239685,0.7262254174845322,0.9388814266222368
42,2,22.333739042282104,167.94060554504395,74833.9103515625,0.9707651227712631,0.516783816071959,0.034946945893314915,0.05581101666170803,32.63063459396362,3907.0678955078124,0.14743028158995716,0.273028585896512,4.360274910926819,0.7224238387092596,0.9375958161338952
43,2,22.54740571975708,170.16036529541014,79007.28583984375,0.9690994918346405,0.5175353512872091,0.03545386255475079,0.057114627687299635,33.15037593841553,3979.026330566406,0.1504859170257627,0.277315018193496,4.203879654407501,0.72488672753128,0.9392428591034665
44,2,22.49033808708191,168.79774551391603,75993.57431640624,0.9700806170701981,0.5222373232089372,0.03531121006744192,0.05651409696583025,32.6140362739563,3933.411730957031,0.14887263652862717,0.27720431328371753,4.1802098751068115,0.7205946045551888,0.9307094772914388
45,2,22.328006505966187,168.230721282959,75491.29013671874,0.9701283991336822,0.519709770263001,0.03525236188715381,0.056458029348034997,31.28461217880249,3882.5144592285155,0.14267540922652786,0.2736689091614034,4.3499858498573305,0.7224326348756085,0.9303590517889038
46,2,17.245192289352417,168.37959785461425,75618.3037109375,0.9701180905103683,0.5230544707126779,0.035277673968312384,0.056476141213003817,32.46030988693237,3934.904400634766,0.14720849449528506,0.27548464300309705,4.308099579811096,0.7172884861361999,0.9370381731489479
47,2,17.375561714172363,168.42949676513672,75303.1076171875,0.9701584696769714,0.5227157041613351,0.03534370570660579,0.0564578363587792,32.902593803405765,3928.5087768554686,0.1495998758079337,0.276173443714163,4.247537112236023,0.7246535558701498,0.9335864152297748
48,2,17.301791191101074,167.94187126159667,75223.01513671875,0.9700695753097535,0.5338598586417271,0.035308347090658346,0.056530455476493234,32.386935520172116,3996.0016357421873,0.14727669018377448,0.2769682503908014,4.463309228420258,0.7158661395013073,0.9319859407414158
49,2,17.26515007019043,168.26494941711425,75316.26396484375,0.9699527829885483,0.5275369688013903,0.03543419746223297,0.056636172613913974,32.6761396408081,3979.0112548828124,0.14896146028640433,0.27871133913199697,4.315758860111236,0.720278971678695,0.9357430863148943
50,2,17.379739999771118,168.08536376953126,75282.28134765624,0.9699577450752258,0.5437101066566573,0.03541427145426766,0.05667628598576772,33.919999313354495,4087.3697509765625,0.15482550270873172,0.2829402120167316,4.354249596595764,0.7239305159870486,0.9297498894437176
51,2,17.348581314086914,167.8350471496582,75009.30498046875,0.9699713885784149,0.5297553643659368,0.035382283886191995,0.05660972897951351,32.62532186508179,3927.7192932128905,0.14859719119380194,0.27670639640523287,4.19047189950943,0.7171815137886013,0.9364068635200471
52,2,17.205594062805176,167.73863639831544,74897.5083984375,0.9699833393096924,0.5287826933743786,0.035399805347893595,0.05660738798433788,32.53114213943481,3968.8493774414064,0.14763298653011056,0.2761825129142116,4.282997465133667,0.7195185394778365,0.9334115180464376
53,2,17.35985231399536,167.49018478393555,74771.969140625,0.969955426454544,0.5145795459073323,0.035365025744672283,0.05661567560792896,32.24501886367798,3955.5688232421876,0.1467425384627115,0.2769493374393196,4.716345000267029,0.7235876528947142,0.9386803870744403
54,2,17.298385620117188,167.38540229797363,74865.7755859375,0.9698983013629914,0.5368651864188903,0.035386657439792316,0.05670722173649374,33.722147178649905,4124.772058105469,0.15295910675894991,0.28219979493540115,4.326842081546784,0.722271164926703,0.931565745199733
55,2,17.34370756149292,167.84850463867187,74767.3080078125,0.9698753923177719,0.5800289845969205,0.03553507232622905,0.056749833119121504,34.564931297302245,4193.762121582031,0.1572198765543678,0.28579783110303536,4.54058620929718,0.7118749416487596,0.9319743445854
56,2,17.280845880508423,167.8143081665039,74648.6697265625,0.9698380321264267,0.5421022670482605,0.03557473757073892,0.056788798749989836,35.34901466369629,4259.89404296875,0.16073018110204135,0.2883353094371654,4.405376875400544,0.7161556485020898,0.9316776010723814
57,2,17.460413217544556,167.48907279968262,74561.73212890625,0.9698471128940582,0.5185985340443989,0.035523920241108994,0.056767007637839074,34.436006450653075,4142.547705078125,0.15691998711049082,0.28403900147619804,4.3937054634094235,0.717271802158391,0.9246619262132862
58,2,17.170371294021606,167.43977317810058,74428.81767578125,0.9698406368494034,0.52830147204582,0.0355551252032291,0.056789201723900826,36.34466285705567,4401.054711914063,0.16479287841726195,0.29246578824118374,4.224884009361267,0.7250151952408768,0.9341332897038128
59,2,17.237679481506348,170.38223876953126,77689.16044921875,0.9683197110891342,0.5361535549875803,0.03627966829602418,0.05824423733469787,35.29142818450928,4377.937292480468,0.16089587133174096,0.2927176042559986,4.544429278373718,0.706438120630551,0.9156542640948178
60,3,22.332809448242188,169.22689208984374,76113.287109375,0.9688609600067138,0.5423457449115368,0.03613713140365131,0.05774828285093307,35.48692111968994,4420.4254150390625,0.16219227336723896,0.29486344670689824,4.3200374960899355,0.7218878487300844,0.9219574454387389
61,3,22.321078777313232,168.9503261566162,75769.6326171875,0.9689294159412384,0.5584788792811495,0.036116647624366845,0.057668595679357226,35.01596574783325,4342.963806152344,0.15970476301656972,0.2917456269361693,4.641215109825135,0.7134525927689024,0.9223640982194692
62,3,22.295801162719727,168.40503311157227,75808.00234375,0.9688218712806702,0.5418055007381148,0.03601920332725181,0.057695048563229566,36.231052017211915,4501.296069335937,0.16519157307019186,0.2970445283881852,4.429439377784729,0.7186880148866835,0.9223582835713537
63,3,22.322962045669556,168.41535720825195,76225.67373046876,0.9686472237110137,0.564072112827791,0.036030351594250984,0.057844783056950386,35.497436332702634,4490.033093261719,0.16229603980699675,0.2972179508238081,4.301274156570434,0.7080672544923382,0.9227556948833957
64,3,22.631582021713257,168.64559364318848,76826.89267578124,0.9683043330907821,0.5803935887144498,0.03616061922679159,0.05817587398928673,34.901154327392575,4387.798742675781,0.15908257451921695,0.29331035630709057,4.482723522186279,0.7145989732960872,0.9306878713239811
65,3,22.286327362060547,167.92411117553712,76665.05146484375,0.9683342635631561,0.5754239598346096,0.035991899268726334,0.058103823126823516,34.531957149505615,4377.932788085937,0.1572126947305479,0.2930769529318956,4.529363751411438,0.7069819888107367,0.9313851733006372
66,3,17.301477670669556,167.98879203796386,76294.73544921874,0.9683363497257232,0.5462586288315969,0.036086758258895624,0.05811569857091634,34.65474920272827,4384.844140625,0.15759141357646594,0.2927707273744491,4.399195539951324,0.706804519500057,0.9308671960078063
67,3,17.239094495773315,167.9929058074951,76458.00361328125,0.9682025164365768,0.5585993213010818,0.03612270495049624,0.05822258504578702,34.74461660385132,4439.321533203125,0.15850144324154086,0.2949811860547933,4.467684888839722,0.714483168518718,0.9312967368533703
68,3,17.41363000869751,167.8553009033203,76122.28291015625,0.9682596504688263,0.54140414882945,0.0361421985407048,0.058171906941547634,34.28450174331665,4394.958251953125,0.1560195500146472,0.29299763858201305,4.672583842277527,0.7065835379776628,0.9264960063014998
69,3,17.145225763320923,168.10168266296387,76112.01630859375,0.9682441741228104,0.567102307593602,0.0361989360998004,0.05820125138879223,34.819399166107175,4458.893408203125,0.15834820103479147,0.29513281293910537,4.401194083690643,0.7144345853742948,0.9280375784916378
70,3,17.31936025619507,167.80568809509276,75852.4095703125,0.9682751595973969,0.5907378092246726,0.03615423094285084,0.05813410211723915,33.691154098510744,4301.238317871093,0.15406445894235699,0.2914544171319689,4.364195442199707,0.7078536925078367,0.9248312233604997
71,3,17.363083839416504,167.81804008483886,75793.77900390625,0.9682525426149369,0.5728948603943904,0.0362231525592845,0.058232448100265274,33.75469732284546,4256.93330078125,0.15315661450742557,0.28735126819033874,4.671117007732391,0.706589601068055,0.925507851541749
72,3,17.41556668281555,167.5044490814209,75690.862890625,0.96820749938488,0.5913583853089367,0.03618149068567459,0.05822309685197764,34.192732620239255,4364.978430175781,0.1555208751990067,0.29215585143705053,4.625429749488831,0.7043053186661312,0.9317528470906018
73,3,17.37822937965393,167.60606422424317,75576.160546875,0.9681498944759369,0.5693876138656633,0.03628086504246252,0.05828296908705309,34.202277755737306,4345.67451171875,0.15552088706530015,0.2913213985318176,4.2896145462989805,0.7079005264981978,0.9290467852171993
74,3,17.241016149520874,168.33502120971679,76465.50908203125,0.9676106810569763,0.5696037980522157,0.03657726279975801,0.058835735378468625,34.29745817184448,4428.29267578125,0.15669143224656407,0.2959758653445564,4.7538859128952025,0.708809150885046,0.924868937904346
75,3,17.295615911483765,168.63047523498534,76370.731640625,0.967677628993988,0.5668656110048734,0.036642514102751496,0.05881781205395884,35.07820568084717,4448.268078613281,0.1602276351639128,0.29649868636275933,4.567190778255463,0.7040688049576402,0.9217048012668794
76,3,17.186753034591675,167.75420532226562,76044.33251953125,0.9677222192287445,0.5445990581755835,0.0364528396384852,0.05871799981702168,33.92502231597901,4347.886938476562,0.15564396697367133,0.29330524386634144,4.603738915920258,0.7106610841440322,0.9210310183174271
77,3,17.41794753074646,167.99056015014648,75723.710546875,0.9678056746721267,0.5879264314682286,0.03652287767323727,0.05862468004111652,34.94209976196289,4367.752294921875,0.15917314912321595,0.2929319798807663,4.5232916355133055,0.7098465122796384,0.9250434116926746
78,3,17.298302173614502,169.3343532562256,76857.79912109375,0.9670712620019912,0.5498686093036358,0.037038659939794376,0.05942952642889322,34.51749534606934,4419.288891601563,0.1575289083804903,0.2947514221114615,4.619918918609619,0.7000037177967079,0.9160988212391716
79,3,17.323237895965576,168.9694118499756,76430.11875,0.9673381060361862,0.6047296796666604,0.036902962376591755,0.05915388718951279,33.611271667480466,4241.916125488281,0.15372403398841,0.28876952784264953,4.544246304035187,0.708635758610302,0.9124637027664086
80,4,22.557700395584106,169.10636367797852,76394.18955078124,0.9673035442829132,0.5790517644358107,0.03697846566805728,0.05920375116517296,34.435072612762454,4322.542175292969,0.15734623535551984,0.29223271298823483,4.693274199962616,0.6996835832719397,0.9152736477749619
81,4,22.248764753341675,168.99335060119628,76363.80791015625,0.9672158688306809,0.5671875834818486,0.03699459783343663,0.05925874248875183,35.28333683013916,4514.651147460938,0.16164791195613276,0.29932300878298856,4.56038761138916,0.7042332744621671,0.9184686400932979
82,4,22.27687358856201,169.02712631225586,76318.04482421876,0.9671620965003968,0.5986892197405941,0.03704803225860185,0.05931371167328307,34.46219329833984,4342.923693847656,0.15660280971499835,0.29094085854269075,4.42643164396286,0.7069627325824063,0.9270415019517351
83,4,22.273364305496216,169.07031440734863,76629.0884765625,0.96695936024189,0.5797019946974904,0.03708920849840181,0.05948437811907527,34.324595069885255,4386.744128417969,0.15723498362138863,0.2946769623064458,4.540788269042968,0.693901584287927,0.920223443639925
84,4,22.305454969406128,168.55558738708496,76546.04501953124,0.9669381141662597,0.5559124416889999,0.037055025882810684,0.059540932022200954,33.777068328857425,4370.52548828125,0.15492341999574905,0.2944772753987568,4.667187511920929,0.7039475593265274,0.9208119693282726
85,4,22.348384857177734,169.25922813415528,76752.39013671875,0.9667930901050568,0.576888775996238,0.037241945128487136,0.05966455322831121,33.27099866867066,4315.154443359375,0.15207220966983057,0.291453161300847,4.51414076089859,0.7100261076363533,0.9291631206687789
86,4,17.33818244934082,170.5695770263672,77781.04853515625,0.9661895036697388,0.637885347727895,0.037649099983263996,0.060279823368596476,33.60133800506592,4426.689709472656,0.1537954647993127,0.2949603878970464,4.652822828292846,0.7052746349445966,0.9139966924802897
87,4,17.41308307647705,169.8376895904541,77271.127734375,0.966364049911499,0.595234026425223,0.03749090223559091,0.06007021356246297,33.43083381652832,4393.324389648437,0.15325464343182224,0.29529687594104564,4.810572290420533,0.6895106166974878,0.9145739424651635
88,4,17.359161615371704,169.51165962219238,77156.43232421875,0.9664101719856262,0.5999528225571875,0.03742855558851671,0.060054513885320474,33.58552875518799,4467.366833496094,0.15452638103515687,0.29823127826139556,4.459003281593323,0.6937828841463874,0.9149240179737713
89,4,17.230950593948364,168.96602058410645,76717.13974609374,0.966474911570549,0.58354949457708,0.03735468250565057,0.059961553664756306,33.95908908843994,4502.597412109375,0.155517916241492,0.2971753088901263,4.443499839305877,0.7024900180184447,0.920341165888441
90,4,17.369673013687134,169.0215648651123,76889.51220703125,0.9663699358701706,0.6253787376441892,0.03734809503500872,0.06001247026785296,34.23165435791016,4443.631909179688,0.15708419389994513,0.29697026545876615,4.5350540518760685,0.7046191358713543,0.9196489387105453
91,4,17.259880304336548,169.06517448425294,76548.68349609376,0.9664667099714279,0.5971855356569644,0.037404175786993635,0.059928033789758285,33.43965692520142,4338.411218261719,0.15327892071123553,0.29344605413198643,4.643149220943451,0.6912453086380287,0.9192015713806064
92,4,17.269750833511353,169.14110946655273,76369.4701171875,0.9664361238479614,0.5961678235295245,0.03750179157277797,0.06000829754367679,33.801166248321536,4407.54423828125,0.15470519468080474,0.29541783043422487,4.716866993904114,0.707181789864651,0.9182990152067404
93,4,17.23931860923767,168.73853912353516,76256.582421875,0.9664156973361969,0.587585364102076,0.0374195986055455,0.059977812371159844,33.31432046890259,4403.053295898438,0.15262055065676505,0.2949000920671243,4.612239933013916,0.7047554683540334,0.9157858058048198
94,4,17.34811019897461,169.72474746704103,76488.730859375,0.9663623988628387,0.6142954339638727,0.037648058221695604,0.06007365189951268,32.78592357635498,4288.0650634765625,0.15037002695082477,0.2915189422943868,4.612835812568664,0.7030975363665879,0.9196685338465841
95,4,17.317105770111084,169.971106338501,76234.00185546876,0.966364461183548,0.5950117846014018,0.037793237682394065,0.0601102550589651,33.66859645843506,4370.7713623046875,0.15361451165795226,0.2928753841711818,4.646298825740814,0.7062453837568182,0.91585811203311
96,4,17.19541311264038,169.5043918609619,76195.77060546874,0.9663530647754669,0.5899021794101085,0.03768424872239558,0.060104262480473104,34.29227476119995,4578.274755859375,0.15699702794318587,0.3001270728321337,4.566282737255096,0.6957093303600542,0.9167584844310802
97,4,17.28009581565857,169.58280448913575,75820.4494140625,0.9663468480110169,0.5758727422630355,0.0377759993787498,0.06008815413515813,35.726813888549806,4582.9115234375,0.16404329726966554,0.3021620128850067,4.5934900641441345,0.7040953447020198,0.918853537662336
98,4,17.39852213859558,171.12347145080565,77335.8505859375,0.9657336443662643,0.5736221802193043,0.03819165772476465,0.06076968289520305,33.62969369888306,4523.27734375,0.15465014655032266,0.2999130647601216,4.5627525806427,0.6959576234319742,0.9075444793220022
99,4,17.330052852630615,170.5342010498047,76788.01279296874,0.965863972902298,0.6454186524247738,0.03810604830818403,0.060608637030232525,33.96164455413818,4525.003601074219,0.15547343465456212,0.2988989946986637,4.890552580356598,0.6820781654704995,0.9076128357588458
100,5,22.363576650619507,169.576029586792,76538.40517578126,0.965830796957016,0.6437026095299478,0.03792076299074597,0.06056540051223942,34.621671962738034,4572.551684570312,0.158286173894684,0.3004019066941213,4.588753783702851,0.6907210909588795,0.92240357882322
101,5,22.3813316822052,169.88696403503417,76839.2388671875,0.9656292110681534,0.6299754565697089,0.03804869326781491,0.060778523902516944,34.759211254119876,4491.663671875,0.15982022168961404,0.2991080885396185,4.676099586486816,0.6975997943808179,0.9117792447656361
102,5,22.30128002166748,169.9783157348633,77424.2705078125,0.965317103266716,0.6383533304912831,0.03809907489881312,0.06105335997939931,35.297498035430905,4646.479284667968,0.16168215702572347,0.30397475043178496,4.596238791942596,0.6971582933972174,0.9190451265514341
103,5,22.179969310760498,169.90088272094727,77633.90400390625,0.9651437640190125,0.605108302912986,0.038127235084403806,0.0611922836474192,36.18821725845337,4748.645776367188,0.16533593377076924,0.3064876131370654,4.764437568187714,0.6949014893381068,0.919560156207092
104,5,22.419877767562866,170.3944107055664,78378.067578125,0.9648853898048401,0.6316517176484427,0.03826105270855455,0.061484412516248685,35.6778470993042,4688.307836914062,0.16310449884146513,0.30506579364329645,4.5138863801956175,0.6954858558234822,0.921792552361891
105,5,22.471042156219482,170.34840049743653,78105.825390625,0.9648705661296845,0.6225831590689938,0.038284431564632244,0.06145453844593209,34.878682708740236,4544.277600097656,0.15968194450332795,0.30011846033749984,4.4701317071914675,0.7039896093536451,0.9213014250736906
106,5,17.715368270874023,170.19403610229492,78039.6091796875,0.9648127555847168,0.6156750585554935,0.03830654329384993,0.061531002384549525,34.884211730957034,4550.839074707032,0.1605382590026149,0.3014579990038717,5.014093279838562,0.6938064400996485,0.9244309450628627
107,5,17.37943744659424,169.68941802978514,77518.726953125,0.9649023562669754,0.6171373351049552,0.038226532917799705,0.06140059834270946,34.49796829223633,4488.567346191407,0.1587017176418689,0.30002759073000185,4.809322249889374,0.6990064162399063,0.9163784914789973
108,5,17.73727822303772,170.04811248779296,77463.87177734375,0.9649357080459595,0.5986398071419631,0.038353378579305576,0.06143966176937925,34.499740314483645,4476.4158935546875,0.15857086159107203,0.2984047011966393,4.5158919334411625,0.7045306502341313,0.9235918023834611
109,5,17.516796827316284,170.2055221557617,77386.4947265625,0.9648868650197983,0.6234302894970309,0.0383921775406067,0.0614440656215335,35.33109636306763,4564.7216796875,0.16197743576696527,0.30139780717526893,4.4342076778411865,0.7031795227595475,0.9215379503074758
110,5,17.81177806854248,172.70551834106445,81477.6013671875,0.9631242632865906,0.6576714334524529,0.03899894045312162,0.06286811666262082,34.53706884384155,4476.4757080078125,0.15846219855827923,0.29911150452933166,4.766004419326782,0.6941214520296141,0.9133667440260866
111,5,17.629191160202026,171.36482009887695,78695.1884765625,0.9642003685235977,0.6260397829783388,0.03876061746146488,0.06208722242375553,34.58736953735352,4654.544360351562,0.15872718814308834,0.3049293987551943,4.867070090770722,0.6908578408021742,0.9156957801733269
112,5,17.380083322525024,169.96779518127443,77872.34736328125,0.9644262194633484,0.6319232316588931,0.03849532004797897,0.06184104767926672,33.98887042999267,4512.4642578125,0.15603325684253808,0.29910027367796604,4.626324224472046,0.6975665650854979,0.9204232246174826
113,5,17.71084952354431,170.01103820800782,77650.70654296875,0.9644299358129501,0.6255981872838915,0.038551007547310875,0.06184358502449294,35.35765342712402,4625.9521484375,0.16318132008261155,0.3050743187407875,4.8356875538825985,0.6986153148370231,0.9122206832026416
114,5,17.579747915267944,170.6390354156494,77671.58955078125,0.9644131332635879,0.6482208160067928,0.038723216708794014,0.06188856363172886,34.57346134185791,4565.556713867188,0.15922535565090873,0.3024938734244041,4.766826725006103,0.6971568888391168,0.9128340660465856
115,5,17.67902946472168,171.16260108947753,77702.8169921875,0.9643553376197815,0.6633687024118411,0.03887532545050627,0.061976965973890664,34.83944816589356,4569.626306152344,0.15951197637402728,0.30110777006963485,4.633383166790009,0.6960730092461138,0.9164937292105156
116,5,17.49918842315674,170.96569175720214,77435.094140625,0.9643946617841721,0.6745291127880223,0.03887376862456059,0.06194469420272634,35.23733263015747,4679.694006347656,0.161634284256383,0.3048484410142013,4.870687997341156,0.6923421325314709,0.910240923091564
117,5,17.651158094406128,170.93994064331054,77191.10390625,0.964397469162941,0.6678325110935026,0.038947007894463384,0.06196806113441809,35.90643577575683,4725.9220703125,0.16515900585228954,0.30709971562327876,4.826481413841248,0.6980056724232705,0.905168738225077
118,5,17.61420249938965,170.26820106506347,76823.8923828125,0.9644474446773529,0.6451840045776527,0.03882522630480941,0.061871919163228886,35.235867500305176,4589.810546875,0.16188389376021753,0.30272067818620846,4.695737195014954,0.696674462481356,0.9127900357475657
119,5,17.565638780593872,169.65866622924804,76472.3265625,0.9644452810287476,0.6666835977492567,0.038726986489603286,0.06180828432378279,35.08211193084717,4643.706555175781,0.16047868498286413,0.30306503140897556,4.655860829353332,0.7017046389732355,0.9209146745299392
120,6,22.327560901641846,170.29607391357422,77132.5017578125,0.9640460789203644,0.6482061895530322,0.038959236251207514,0.062185900920356064,33.859914779663086,4520.4306640625,0.15624789533226388,0.3011681047822988,4.689251780509949,0.6899153139789325,0.9161189008349341
121,6,22.25351643562317,170.33476448059082,76673.14814453125,0.9642744928598403,0.6367045177505537,0.038980761064852966,0.06204332692591417,34.93575534820557,4612.965063476562,0.16114941777585148,0.30436651387347874,4.629385137557984,0.6957689848820653,0.9126622631958353
122,6,22.269208431243896,170.56390457153321,76461.41982421876,0.9643778890371323,0.6428208722187729,0.03907838618250143,0.06202517389465308,34.112072467803955,4497.429272460938,0.15646537944404842,0.29953949808886887,4.956039571762085,0.6903156180688754,0.9199867905562593
123,6,22.29307985305786,172.0369197845459,76695.4,0.9643451064825058,0.6317419404517748,0.03945187023557135,0.06217574271700601,34.26664524078369,4620.6322021484375,0.15736806377617624,0.3043762618674707,4.665544128417968,0.6826353444249526,0.9065381551228457
124,6,22.46534299850464,171.1485382080078,76395.46455078125,0.964363968372345,0.6784582473341787,0.03927520376046857,0.062083694211712434,32.970787620544435,4365.252331542969,0.1510354577454584,0.29418817633539174,4.801300573348999,0.6897421547439141,0.9092624259836498
125,6,22.157299757003784,170.29656562805175,76058.9501953125,0.9643301397562027,0.6283273181778786,0.039159169329986775,0.06209064132602038,33.98606195449829,4440.769677734375,0.15617541263759074,0.2982557403072024,4.4744701266288756,0.6859943072147554,0.9131840631351686
126,6,17.231248140335083,169.73257369995116,75734.4294921875,0.964362958073616,0.6645628834481074,0.039058859402998136,0.06201317974520012,34.29237613677979,4543.510522460938,0.15757841452988622,0.3022222743638214,4.670062935352325,0.6837641291027985,0.9117466449268757
127,6,17.307087182998657,173.68048362731935,83321.01162109376,0.9620796412229538,0.7169339644998023,0.03943225989121034,0.06369698061905574,34.80603675842285,4815.871435546875,0.15993608706456114,0.31014596868687133,4.700409305095673,0.6902254799978426,0.9087587577513405
128,6,17.22990655899048,172.30818786621094,79742.39951171874,0.9631396889686584,0.6819189907635179,0.03940706010034388,0.0630419213582137,33.25974540710449,4533.152526855469,0.1531856787979506,0.3030232478445961,4.773698341846466,0.6935042993570235,0.9110712030657366
129,6,17.174649477005005,171.51182403564454,78317.217578125,0.963516914844513,0.6292756878745263,0.03932092341587341,0.06270604528517684,33.50616302490234,4485.359997558594,0.15347554068593822,0.2988556010473911,4.837652277946472,0.6974624285835096,0.9132374913421822
130,6,17.20852828025818,171.37588653564453,77815.9421875,0.9636433064937592,0.6529676641926978,0.03933828786945858,0.06260501398020377,33.39752082824707,4537.3412109375,0.152657737474638,0.30065843516543833,4.747429978847504,0.6915512214030053,0.9119565319345304
131,6,17.213311433792114,170.4202808380127,77633.5310546875,0.9635593384504318,0.6997697707022683,0.03919441395813133,0.0626539892965915,34.177212142944335,4563.291613769531,0.15650025509886967,0.302342091625098,4.718189060688019,0.688715470436647,0.9143317518608065
132,6,17.223331451416016,169.7906608581543,76894.854296875,0.9637333244085312,0.6205803549653269,0.039095470877601915,0.06243839851594131,34.64842910766602,4611.757397460938,0.15877373493896554,0.30406839846724826,4.7925127983093265,0.6858745280187207,0.9143148068101276
133,6,17.122398614883423,170.34409675598144,76875.9568359375,0.9636662423610687,0.7085163888742991,0.03928517928428525,0.0625673503458614,33.976834011077884,4498.342419433594,0.15603846039712788,0.30096861288966886,4.690505385398865,0.6915038450512112,0.9169774131823137
134,6,17.165599584579468,170.40259590148926,76534.34892578125,0.9637408047914505,0.6426011702811264,0.03934530377444494,0.06251477424806576,34.216774559021,4589.234387207031,0.156519668297917,0.30292616525588073,4.637120962142944,0.6834046213974254,0.9119657276769022
135,6,17.221120834350586,170.38178634643555,76309.87783203126,0.9637237131595612,0.6932372101937053,0.03943066906039732,0.06256815210405495,35.35410976409912,4698.744189453125,0.16243251172828915,0.30766153784659894,4.677625894546509,0.6929824727248312,0.9080179880730468
136,6,17.303895711898804,170.29973258972169,76452.13759765626,0.9635528147220611,0.6768259086861372,0.03943692024667498,0.06266146687882924,35.87215185165405,4799.949951171875,0.1642538012614662,0.31010915076734225,4.765909814834595,0.6856902418807559,0.9168046593500652
137,6,17.251208543777466,169.31656036376953,76093.89521484375,0.9635267198085785,0.6842045965909231,0.03926871495695359,0.06260437865206166,35.10419139862061,4694.175830078125,0.16151841172149703,0.3077878024355956,4.5271543741226195,0.691495420937959,0.9120197569135149
138,6,17.086368799209595,169.9465072631836,75905.14765625,0.9636220574378968,0.6982711250153218,0.03947264750685326,0.06264329574837416,35.607290267944336,4854.5353515625,0.16341500378803975,0.3119817578276613,4.551303422451019,0.6887356218709754,0.9150958160836847
139,6,17.0879545211792,169.34296722412108,75528.8060546875,0.9636572450399399,0.6489919858539607,0.039359693647048125,0.06253803461979082,35.554558181762694,4708.321264648437,0.16324545151882444,0.30734411657195004,4.563445258140564,0.6926133285199316,0.9127094760950962
140,7,22.300541400909424,170.1493953704834,75424.2013671875,0.9636356234550476,0.7060990510128583,0.03963292440387242,0.06263581931241077,35.303753566741946,4805.754992675781,0.1621183766172649,0.3109082145711078,4.616532516479492,0.6941832680962593,0.9203619139484568
141,7,22.247374534606934,168.71160507202148,75060.40625,0.9637464910745621,0.6429797287102963,0.039292581609732646,0.0624696917049065,34.87515325546265,4664.366638183594,0.15983374788823562,0.3057003210669476,4.694311773777008,0.6917386071301238,0.9237920329489052
142,7,22.408087491989136,170.33267822265626,76954.0919921875,0.962643849849701,0.7134807025165044,0.03975930885733771,0.06332230480631826,35.23398933410645,4889.442712402344,0.16258787088689197,0.31322931848053476,4.93229067325592,0.6836353923234174,0.9076678763258942
143,7,22.324557304382324,170.9223762512207,77003.20810546874,0.9626808077096939,0.684676831560256,0.03995234320813745,0.06347231956050306,35.28626174926758,4795.877905273437,0.16287818343518548,0.3120398902764304,4.81375390291214,0.682246685446485,0.9031927250257239
144,7,22.597124338150024,170.02537536621094,76168.08623046875,0.9629701375961304,0.6851365615215144,0.039797689175177814,0.06322177337805604,35.11813163757324,4727.3634033203125,0.16222229405683022,0.3101320117950448,4.922875905036927,0.6794855682288559,0.904497503392142
145,7,22.339650630950928,169.96814460754393,76044.7486328125,0.962977597117424,0.6787649691277677,0.039799324073281545,0.06320729041836856,35.1516357421875,4775.582299804688,0.16225428156538904,0.31164869398216627,4.66687421798706,0.6862693784102,0.9121490914961583
146,7,17.33215594291687,171.87370529174805,77154.2025390625,0.9623566627502441,0.7012381401948236,0.040393419781168644,0.06385834377199087,34.96258716583252,4728.782470703125,0.1613135395122961,0.3099080285749798,4.804668426513672,0.6835324171248479,0.8929922833212542
147,7,17.344555854797363,170.92733612060547,76369.25478515626,0.9626712173223495,0.6484886806702879,0.040165858427962706,0.06355485182583137,35.095660495758054,4833.041394042969,0.161630006841346,0.3129957963890887,4.883517611026764,0.682145373307634,0.9015183589720985
148,7,17.312583208084106,171.10741577148437,76024.26796875,0.9626796334981919,0.6314113105315647,0.04031765344567938,0.06358179184379027,34.61278877258301,4755.577734375,0.16027536930804315,0.3111944456656124,4.822603976726532,0.6877174097029222,0.8983834817900498
149,7,17.220884799957275,172.2415023803711,77809.770703125,0.9619285464286804,0.6662203284513764,0.0404908816771536,0.06406681842713219,34.52075548171997,4880.622033691407,0.15946707970877022,0.31484244250444343,4.930826628208161,0.6790060309976195,0.9003635679800037
150,7,17.262595891952515,172.79096145629882,77307.18896484375,0.9621895223855972,0.6634678949744991,0.040655630873321344,0.06397788791389021,35.60757427215576,4992.412927246094,0.16496208686088681,0.31899407888353737,4.962561798095703,0.6850776380729687,0.8966811480723221
151,7,17.224937200546265,171.74871597290038,76698.91337890625,0.9621955692768097,0.6614160656337502,0.04053425165363338,0.06392779707719146,36.695831298828125,5110.572912597656,0.16969469696762815,0.32247396991659677,5.123775994777679,0.6707538541732829,0.8954406329170055
152,7,17.29556107521057,171.44859924316407,76225.04736328125,0.9623696118593216,0.6672193515156168,0.04046509547283281,0.06376150309929787,36.07272167205811,5030.554626464844,0.16761435821102483,0.321532058483074,4.893264377117157,0.6773314070571275,0.8995836154483307
153,7,17.4097797870636,170.8477409362793,75929.63857421876,0.9623737126588822,0.7086660891339049,0.04040018749280621,0.06376565518226415,36.96900901794434,5026.8494140625,0.1711752715387314,0.3208549753203436,4.913747584819793,0.677916717115689,0.9021741998118173
154,7,17.309675216674805,170.7987060546875,75728.39423828125,0.962356373667717,0.6473163329000478,0.04045172479413293,0.06378119322216094,35.89580478668213,5001.4017578125,0.16607819784315261,0.31987113466865125,4.822426843643188,0.683102915481269,0.897351002735826
155,7,17.333722352981567,171.10670127868653,75670.03056640625,0.9623122334480285,0.6428244657790175,0.040562215704381316,0.06382037988736619,35.35014057159424,4954.4188232421875,0.16326487764926775,0.31813286605945346,4.945259130001068,0.677004852936056,0.9018706504362706
156,7,17.2687406539917,171.10366668701172,75502.5578125,0.9623442947864532,0.7105435122900203,0.040610189968239424,0.06382235473094193,36.246813011169436,5088.39501953125,0.16752610442843308,0.32201996561351254,4.798600387573242,0.6712701110577315,0.9012124917616496
157,7,17.191219091415405,171.60939712524413,75465.16884765626,0.9623407900333405,0.706459883112386,0.04077939342447845,0.06389245569350388,37.17634582519531,5093.718676757812,0.17161710609836556,0.3228119589631998,5.042178893089295,0.6678341019864994,0.9047476105979874
158,7,17.341252088546753,171.2417320251465,75183.75654296875,0.9623658269643783,0.6571466311012817,0.040729516738003346,0.06384008688798996,36.09721984863281,4936.897045898438,0.1670411127869034,0.31827936573711113,4.844313895702362,0.67193523831546,0.8997453577228812
159,7,17.429715871810913,170.9812557220459,75161.75810546875,0.9623233288526535,0.6396612044914365,0.04070690461717284,0.06388692683519695,35.42851524353027,4866.3263671875,0.16311460106460962,0.31395838599766446,4.826711165904999,0.6793179448707121,0.9007568513102727
160,8,22.517305612564087,169.77682762145997,74441.380859375,0.9624907344579696,0.7208162282108374,0.04050732044764295,0.06370452489544517,35.183844566345215,4862.203088378907,0.1625431491720885,0.3140954688169642,4.946163487434387,0.6688576670315188,0.8978408273124912
161,8,22.320960521697998,169.82046432495116,74362.05634765625,0.9624410212039948,0.7131618499345072,0.04055266359388403,0.06373066597304691,34.99257802963257,4932.0724609375,0.16141507107009828,0.3164438770492515,4.924132704734802,0.6665694886619891,0.8998077634703288
162,8,22.292707204818726,168.8274112701416,73985.03515625,0.9624872028827667,0.6606384884338781,0.04036783388269039,0.06366247814113887,34.98410434722901,4905.194006347656,0.16145987238971565,0.3161848117598565,4.853603780269623,0.6760209066504989,0.901019553296711
163,8,22.418827533721924,169.08072204589843,74218.38427734375,0.9624195516109466,0.6852231907614562,0.04039159346121771,0.06371367853766141,34.698602962493894,4798.498376464844,0.15986959373617626,0.31233007514369004,4.911853504180908,0.6741101238242682,0.907562577193701
164,8,22.19704031944275,169.10186195373535,74133.23076171875,0.9623386532068252,0.7094914697397063,0.040489480076822064,0.06382566341422372,34.691942596435545,4785.283581542969,0.16008699767717424,0.3125601303081148,4.762948191165924,0.6810753923280307,0.9112473360033458
165,8,22.125970125198364,169.2139144897461,73877.616796875,0.962403628230095,0.6762681428566151,0.04055257900480006,0.06377945321190023,35.730831909179685,4917.016516113281,0.16452828628256358,0.31630269995118326,4.986083996295929,0.6743812198284557,0.9125021058797321
166,8,17.598178148269653,168.94451293945312,73688.51806640625,0.9624109774827957,0.6839787605677489,0.04055254833279754,0.06379763194118876,35.695197868347165,4898.710681152344,0.16460894500907997,0.31534792070645246,4.648466956615448,0.6910739212615803,0.9081515851380292
167,8,17.37361192703247,169.18255271911622,73551.5580078125,0.9624144226312638,0.7079032775857332,0.040636662878487786,0.06380923946797644,35.391187286376955,4915.186022949219,0.16363317926475782,0.31723625441127823,4.834414613246918,0.6835416678002586,0.8984308863009248
168,8,17.47352886199951,169.80206718444825,73460.13935546875,0.962533488869667,0.6839510454293388,0.040793954818646186,0.0637713940389293,34.81619634628296,4859.218518066406,0.16066752343406288,0.3144756946341995,4.705324792861939,0.6798141208368402,0.9059221868699081
169,8,17.25522780418396,169.52965202331544,73215.4884765625,0.9625055491924286,0.7258759982581007,0.04078847697715009,0.06375230350957724,36.52650108337402,5070.8158203125,0.1684362030418442,0.32129146593908264,4.867156505584717,0.6678508401197084,0.9136383304355604
170,8,17.664544820785522,172.4774597167969,78671.25029296875,0.9609442919492721,0.7368424575828578,0.04095051609597706,0.06492896032786624,36.096499824523924,5045.658264160156,0.16620189787700304,0.3201408848742713,4.904594302177429,0.6736189561658339,0.9003087476625659
171,8,17.542788982391357,170.09271965026855,75329.119921875,0.9620053499937058,0.6821013284465051,0.04058548589026964,0.06407332677879189,35.08034763336182,4867.886413574219,0.1608907656877893,0.31297275818370124,4.743234586715698,0.6840485810915652,0.9085350669176128
172,8,17.377674102783203,171.27384757995605,75199.78994140626,0.9620560973882675,0.7173383179653887,0.040969971298681816,0.06420596838896697,35.16412563323975,4914.931970214844,0.16193970755078513,0.31530467890426433,5.103365206718445,0.6788595192655944,0.8955404831102592
173,8,17.71914291381836,170.98894844055175,74803.9287109375,0.9621524274349212,0.7186581777134067,0.04093133573841478,0.06408809701011646,35.3553108215332,4910.683630371093,0.16266813256190704,0.31591450715278463,4.641401362419129,0.6746038809776607,0.909562106507319
174,8,17.395909070968628,170.51372756958008,74548.86748046875,0.9621515244245529,0.7297967296780334,0.040861237199294,0.0640499652615963,35.20948390960693,4880.35751953125,0.161599991860363,0.31354251319261595,4.617735123634338,0.6836028396398739,0.913116316309336
175,8,17.62238049507141,170.87320709228516,74355.6419921875,0.9621884047985076,0.7317623428112267,0.04100649986825887,0.06405054483681336,34.49691677093506,4803.702673339843,0.15848506780540844,0.31054367012437145,4.710293626785278,0.6785870439161987,0.9047491258143291
176,8,17.516058683395386,170.2897918701172,74119.11484375,0.9622226655483246,0.7190076619190419,0.040924578471487276,0.06404061915103657,33.50176286697388,4695.016259765625,0.15386813494596802,0.30712456882198585,4.910570788383484,0.6672353473120815,0.9088226234559225
177,8,17.416780710220337,171.04391632080078,74290.2029296875,0.9620748609304428,0.7035680896010593,0.041147370254258256,0.06418704731984069,34.22521705627442,4752.213049316406,0.15695883590753695,0.30977382495959016,4.868586492538452,0.6806321746339898,0.9119210942986682
178,8,17.559681177139282,171.5168712615967,74121.2990234375,0.9620774179697037,0.7261543182040033,0.041345877686275415,0.0642551410602817,33.24756479263306,4639.576977539063,0.15190547746754862,0.3043884860516944,4.759397411346436,0.6814915417883127,0.9078390964389479
179,8,17.376221179962158,169.80987358093262,73486.406640625,0.9621732205152511,0.6950585716095021,0.04099590172303925,0.06405290229658027,32.967247581481935,4617.71064453125,0.15156250448363565,0.3049444441995638,4.7127115488052365,0.682776155944633,0.9065494333543661
180,9,22.316765546798706,169.87663803100585,73589.3748046875,0.9619690388441086,0.6869641548161153,0.041053838802376556,0.06419203304071462,34.29599504470825,4856.780969238282,0.15754805604663483,0.3129660065804641,4.867363739013672,0.6829810792665395,0.9035220986720075
181,9,22.124763011932373,171.6674716949463,73787.530859375,0.9619725465774536,0.754929856284283,0.04154549940004857,0.0643895907956962,34.990712833404544,4799.5314453125,0.16008319576072783,0.3096213708116927,4.999723172187805,0.6756795767249681,0.9075948865535132
182,9,22.24038600921631,171.53124046325684,73768.8822265625,0.9619672864675521,0.7343578254003769,0.041537517392159114,0.06441324843526412,35.969166374206544,4887.515734863281,0.16540544945378213,0.31470931553753234,4.60773321390152,0.6805800083799597,0.9053506667484641
183,9,22.354549884796143,170.59217414855956,73499.82119140626,0.9620135962963104,0.6827730369240268,0.04131648996266725,0.06428406033608391,34.843070602416994,4857.030139160156,0.15990623250037855,0.31277254379707525,4.922677671909332,0.681377210154354,0.9112676317945061
184,9,22.14437484741211,170.76243209838867,73274.1787109375,0.9620037287473678,0.703161162010151,0.04146139523686347,0.06437142930244762,34.49871492385864,4820.759252929687,0.15805419196548084,0.3113345768205783,4.986041927337647,0.6839420734629599,0.90766697481177
185,9,22.353864192962646,170.99824905395508,73364.925,0.9619206666946412,0.7053382221023399,0.041561919687981855,0.06446128274296224,35.07217655181885,4885.189294433594,0.16031491414789725,0.3128154766284527,4.710756111145019,0.6774623545761411,0.9108388939906236
186,9,17.511757135391235,172.1764938354492,74985.56845703124,0.96073217689991,0.7613728756748595,0.04205294676317113,0.06540068342717058,34.92019748687744,4997.3590087890625,0.16129759940208538,0.31882372136448234,5.193410181999207,0.6710364303531656,0.9041557329670594
187,9,17.408045768737793,171.39373855590821,73939.0587890625,0.9611944049596787,0.742914037181752,0.04191074381427191,0.06505685343829468,34.63160648345947,4836.603674316406,0.15962603969690267,0.31372216760396404,4.907488417625427,0.6872160849373139,0.9019946380785221
188,9,17.334418058395386,170.94988937377929,73685.37373046875,0.9612882256507873,0.7498171739030923,0.041784769157058484,0.06491992702164089,33.91566438674927,4780.121850585938,0.15646093738071204,0.31219487335919094,4.716922223567963,0.6826264996599608,0.9029737937419468
189,9,17.49066185951233,171.2426357269287,73728.16953125,0.9613062053918838,0.758891277117449,0.04186555311649101,0.06494666782117516,34.555037117004396,4847.570056152344,0.15891480475398195,0.3135239058800291,4.736856150627136,0.6674350800646798,0.8946126004410818
190,9,17.455238103866577,171.52586402893067,73618.82451171875,0.9612672626972198,0.6713136672859263,0.042013357965643636,0.06506122167872645,34.335622787475586,4890.641430664063,0.15806260778955533,0.3151169670260411,4.824737346172332,0.6737452428668136,0.9127396757719616
191,9,17.387298822402954,171.70044479370117,73445.21044921875,0.9613295167684555,0.7442606292580413,0.04206357715231902,0.06499288855396751,34.67420272827148,4897.580407714844,0.160454815855237,0.31601832445847367,4.988377523422241,0.6757393928420873,0.9019272862614223
192,9,17.598505973815918,171.1690700531006,73045.93876953125,0.9612742900848389,0.7587607171371539,0.042039510519190325,0.06497941026580928,34.950850582122804,4921.445202636719,0.16188108496632503,0.3172922604904599,4.877086853981018,0.6748451181435889,0.9071696827093072
193,9,17.571297645568848,171.00257034301757,73443.7931640625,0.9609866589307785,0.6961389853124947,0.042071764189899344,0.06524520326943414,34.99702444076538,4984.445336914063,0.1616141814839936,0.3185361290436541,4.913595497608185,0.6699060488131318,0.8971731027309735
194,9,17.607760906219482,170.8830680847168,73004.37216796874,0.9612173944711685,0.7064264132969404,0.04202130012150691,0.06502886274286761,36.44113006591797,5076.011291503906,0.16806087194518776,0.32127920576554825,4.942423701286316,0.68049664015632,0.9082031603790313
195,9,17.623507738113403,170.70531158447267,72820.69599609375,0.9612360715866088,0.7605906616451937,0.04200724791202181,0.06497933473339804,36.36111965179443,5030.053930664062,0.1682268308651815,0.3209234724164996,4.911160719394684,0.6779467431254906,0.8976609433088916
196,9,17.44212555885315,170.5094337463379,72850.98193359375,0.9610617071390152,0.7166659121347922,0.042037107175763665,0.06513084810622102,37.49402294158936,5187.239965820312,0.1729157935198463,0.32453188921533166,4.940366327762604,0.6706980577794882,0.9057982797528465
197,9,17.37400245666504,171.25411834716797,73851.74130859374,0.9603126078844071,0.7216682565993885,0.04238970028791085,0.06580628967666052,36.308825206756595,5194.0533447265625,0.16730632059244227,0.32514128697760636,5.0715731382369995,0.6714422959204047,0.8918636005424434
198,9,17.624977827072144,170.67591514587403,73294.96962890626,0.9606673628091812,0.7122393717903397,0.042177585871848985,0.06546617815550529,35.16358394622803,5044.888256835938,0.16282068691654603,0.32139082730507773,4.875365924835205,0.6764680143896717,0.902259501647659
199,9,17.486862897872925,170.3847511291504,72904.79248046875,0.960846683382988,0.7135319265543859,0.042102097710783035,0.06529420592348736,35.686745929718015,5033.668688964844,0.1650015383961888,0.3210180198935684,4.975569033622742,0.674075621706831,0.9034326046514807
