frame,ref_update_id,MAE,nMAE,NCC,edge,hole_frac,elapsed_s
0,0,36.23252401351929,0.1601855929146383,0.789451977610588,1.5314115895546885,0.05575862433862434,15.669971942901611
1,0,35.30590696334839,0.15746337312466216,0.7913038790225982,1.5313814220634472,0.040063439153439157,15.954230546951294
2,0,36.751434326171875,0.164284220442492,0.7886102467775344,1.540844685472902,0.06936058201058201,14.749669313430786
3,0,35.14105939865112,0.1585364215435293,0.7920149564743042,1.5381618996052482,0.07111693121693122,16.058979749679565
4,0,35.54995594024658,0.1598097416365746,0.7837042599916458,1.5362073723890446,0.06185740740740741,14.470295906066895
5,0,36.20253429412842,0.1626998642172895,0.7910291373729705,1.5394429100799087,0.0850336507936508,16.29224157333374
6,0,35.60640697479248,0.1604389938805057,0.7875004202127457,1.5394343862826592,0.07487322751322752,14.764848709106445
7,0,35.05157260894775,0.15733629184437586,0.7902799725532532,1.5402846532514283,0.06980756613756614,16.142651319503784
8,0,34.677434253692624,0.15581082101733132,0.7884227752685546,1.5367729813673725,0.06794846560846561,14.988692283630371
9,0,35.61666622161865,0.16043986454403686,0.7923432171344758,1.5362237244008161,0.0709336507936508,16.16932249069214
10,0,35.88212223052979,0.16152579410200982,0.7852633714675903,1.53612602667184,0.06795444444444444,14.863127946853638
11,0,35.45570392608643,0.15918608867976441,0.7862865507602692,1.5380867885286553,0.07363825396825396,21.700464248657227
12,0,35.401834869384764,0.1591672556759051,0.7852891445159912,1.5404029050850259,0.07950798941798942,20.43938970565796
13,0,34.55246820449829,0.15615173966642404,0.7831542789936066,1.5380617877556364,0.09032132275132275,21.76683259010315
14,0,34.980710124969484,0.1576643008126145,0.7798953533172608,1.5414158802829925,0.08835396825396825,20.4401912689209
15,0,35.650265312194826,0.16098303225799318,0.7769478619098663,1.5423044478140444,0.09362947089947089,21.68401861190796
16,0,34.06157608032227,0.1538286290812946,0.7835975080728531,1.5397700021098337,0.09083825396825397,17.281594038009644
17,0,33.37313327789307,0.15061718835664067,0.7749985128641128,1.5374346833757104,0.09174142857142857,16.2542564868927
18,0,33.344649124145505,0.15072078927591973,0.7816076397895813,1.5389291371569296,0.09716719576719576,14.87754225730896
19,0,33.51652479171753,0.15123470857948393,0.7805684179067611,1.539646393522006,0.09840698412698412,14.878954648971558
20,0,34.112111473083495,0.15431286990296955,0.7786495804786682,1.5390527137192436,0.10940037037037037,16.232749462127686
21,0,33.41257429122925,0.15038415957920018,0.7751357018947601,1.5391883767075183,0.10016232804232804,14.812772035598755
22,0,33.76956481933594,0.15275449645049818,0.7827668964862824,1.5426796032104755,0.1290943386243386,14.926325798034668
23,0,34.988680362701416,0.1584357158342331,0.7714476436376572,1.542658994803939,0.11650957671957672,16.341485261917114
24,0,34.02620010375976,0.15400111250642085,0.7820341944694519,1.541012651544201,0.10804058201058202,14.935065507888794
25,0,33.90520343780518,0.1533159601030307,0.7779290467500687,1.5410791249123643,0.10033994708994709,14.661962032318115
26,0,34.460445976257326,0.15598606177654642,0.7813945174217224,1.5430976023752956,0.10821222222222222,16.37656807899475
27,0,34.09872837066651,0.15461675761127908,0.7827657252550125,1.5397973387285204,0.10935825396825397,14.989214897155762
28,0,33.64028234481812,0.15231529511543893,0.7871256172657013,1.538408370368551,0.10161666666666666,16.251363039016724
29,0,33.72604064941406,0.1534426654749518,0.7810287088155746,1.541011580268579,0.10710391534391535,14.784085988998413
30,0,34.84077215194702,0.1573309724008382,0.7839588314294815,1.5414632197668552,0.10939153439153439,16.187438011169434
31,0,34.91744861602783,0.1577092945176099,0.7808744132518768,1.5388852795514678,0.11498328042328042,14.8626549243927
32,0,34.055506992340085,0.15440208463675736,0.7803799599409104,1.5406947499811732,0.12377386243386243,16.274401664733887
33,0,34.645467853546144,0.15745325582135777,0.7839162588119507,1.5389624004652775,0.12180338624338624,15.019891262054443
34,0,34.26352071762085,0.15515969682291048,0.7873520582914353,1.5380210789082602,0.12209656084656084,16.202868461608887
35,0,34.47086954116821,0.15594260032745227,0.7870729386806488,1.5412012745481107,0.12405513227513228,14.884528398513794
36,0,32.76442804336548,0.14826876453000518,0.7847098886966706,1.538587893844031,0.12586978835978835,16.176156044006348
37,0,34.62301206588745,0.15671974229217184,0.7840185761451721,1.5400888678986513,0.12846444444444444,14.879086256027222
38,0,34.28326749801636,0.1552268503430571,0.7825829416513443,1.538112132696439,0.13676486772486773,17.95660638809204
39,0,33.47321176528931,0.15168710736106,0.7828078031539917,1.5377562620577638,0.12723227513227514,14.885957956314087
40,1,33.79855604171753,0.15279455287852226,0.7950330644845962,1.5369504931533589,0.12359206349206349,16.190531253814697
41,1,32.817510986328124,0.14856209799037065,0.798279058933258,1.535070149316932,0.11773788359788359,14.70043420791626
42,1,32.76754570007324,0.14800683101839957,0.7988071620464325,1.5374761549167322,0.12559931216931217,20.052499532699585
43,1,33.4002760887146,0.1515106698773049,0.7901072382926941,1.5415354029803177,0.13573037037037036,20.255004405975342
44,1,32.853284168243405,0.14985097587340873,0.783910048007965,1.542581102984923,0.12507560846560847,21.727034330368042
45,1,31.433459091186524,0.14326796523912735,0.7839105069637299,1.543471234427924,0.12381597883597883,20.184744119644165
46,1,32.60908155441284,0.1478074179164963,0.7844307839870452,1.5425072766653753,0.12466671957671957,21.685280323028564
47,1,33.067951679229736,0.1502493755735261,0.7865191489458084,1.5441011577174864,0.1301190476190476,20.174097299575806
48,1,32.52893218994141,0.14787003258160275,0.7882259339094162,1.5414515780189881,0.12892248677248677,14.656457901000977
49,1,32.81803817749024,0.1495282357360813,0.7857297897338867,1.543287428789054,0.13310005291005292,16.121771097183228
50,1,34.06871166229248,0.1553681830829542,0.7878007084131241,1.541230643407646,0.13463079365079364,14.740044593811035
51,1,32.777976512908936,0.14922860339707372,0.7852456092834472,1.544124399355137,0.1390278306878307,16.068235158920288
52,1,32.671721363067626,0.14820327348316242,0.7861136674880982,1.542265919579079,0.145924708994709,14.78688669204712
53,1,32.349211597442626,0.1471433227405944,0.7867099314928054,1.5432222697371951,0.14145560846560848,16.202205181121826
54,1,33.851416206359865,0.15348702325405392,0.784133505821228,1.5425074679493305,0.14594354497354498,14.689748764038086
55,1,34.720736789703366,0.15789326732451334,0.7836849093437195,1.5431260795213715,0.15175074074074074,14.602510213851929
56,1,35.49170036315918,0.16130572150917227,0.7850380361080169,1.543539389537314,0.15407973544973544,16.158257722854614
57,1,34.57389783859253,0.15740486193088538,0.7880119144916534,1.5404235948646252,0.1478209523809524,14.62825322151184
58,1,36.52096958160401,0.16545776073736265,0.7875727444887162,1.5417235689144797,0.15425021164021163,14.965799808502197
59,1,35.45342578887939,0.16150271863415339,0.7631896048784256,1.5489550455784005,0.15191661375661375,16.685022354125977
60,1,35.637945556640624,0.1627744193457339,0.762609213590622,1.5485620187842712,0.13898174603174604,14.967907667160034
61,1,35.20069885253906,0.1603943039216212,0.7655711263418198,1.5490598068952504,0.15328153439153439,14.748570680618286
62,1,36.39352531433106,0.1657991715630137,0.7664453834295273,1.547442322074321,0.16177698412698413,16.537476778030396
63,1,35.64792957305908,0.16285991246566983,0.7632982224225998,1.5469200384182247,0.1670405291005291,14.723457098007202
64,1,35.05868072509766,0.15964014829407608,0.7648265063762665,1.548090127461125,0.17321343915343915,14.691872358322144
65,1,34.71732473373413,0.15795672005571534,0.7676297545433044,1.5463893026512492,0.1663514814814815,16.07814383506775
66,1,34.80512170791626,0.1581586629407456,0.7698801249265671,1.5473080360109828,0.16920343915343916,14.691298484802246
67,1,34.90712604522705,0.15909221549381414,0.7665047705173492,1.5481532532404987,0.17377603174603173,16.367182970046997
68,1,34.40326871871948,0.15643667675276626,0.765610933303833,1.5463723365079909,0.17962338624338625,15.118278741836548
69,1,35.0121768951416,0.15903054666302094,0.7664755642414093,1.5471085811385605,0.18009698412698413,14.98372197151184
70,1,33.854703998565675,0.15471218575149112,0.7637988299131393,1.548519991563524,0.181619417989418,22.149176120758057
71,1,33.860995292663574,0.15361401241752143,0.7682591795921325,1.548995182939568,0.17529444444444445,20.69786524772644
72,1,34.3319188117981,0.15603207265395042,0.7732853710651397,1.5476079884412388,0.18761687830687832,22.146684646606445
73,1,34.330091857910155,0.1560310069710083,0.7683483242988587,1.5455209281998168,0.18834084656084657,20.639041662216187
74,1,34.43248329162598,0.15723193635929972,0.7565720349550247,1.551810853064166,0.1856073015873016,21.83480453491211
75,1,35.25278778076172,0.16094497142312256,0.7593136250972747,1.5518195819359777,0.17910253968253967,14.797596454620361
76,1,34.0492018699646,0.15613877058059544,0.76166473031044,1.5484676312630397,0.1862468783068783,16.426560401916504
77,1,35.032109928131106,0.15950910713964936,0.7673386037349701,1.5486467644820738,0.18813407407407406,14.890188217163086
78,1,34.6725679397583,0.15821125551135856,0.7499581947922707,1.5540067177954953,0.19275100529100528,15.101373672485352
79,1,33.752159404754636,0.15429051809202415,0.7594467222690582,1.5525682173396333,0.18375814814814814,16.235647678375244
80,2,34.64188480377197,0.15817171820895548,0.7653822630643845,1.551498952878048,0.18742185185185184,14.689797163009644
81,2,35.488607788085936,0.1624708688274768,0.7589899748563766,1.5485472332545762,0.18614137566137567,16.329842567443848
82,2,34.63000316619873,0.15733076573797428,0.769945940375328,1.5502992796771438,0.20496285714285714,14.85676383972168
83,2,34.47579545974732,0.15786646654676958,0.76572887301445,1.5472360041623088,0.20949661375661377,16.207608222961426
84,2,33.96640863418579,0.1557675931631049,0.7647857964038849,1.5508307716860572,0.21279291005291004,14.70113754272461
85,2,33.44718284606934,0.15285817619580291,0.7651209652423858,1.5500942050865043,0.21173026455026456,14.97299838066101
86,2,33.771154689788816,0.154495521019753,0.7530294120311737,1.5551951750882578,0.20050957671957673,16.22338080406189
87,2,33.53952484130859,0.15369754741159003,0.7532569915056229,1.5535648712729486,0.19704031746031747,14.953815460205078
88,2,33.75002031326294,0.15532650812228238,0.7511428773403168,1.5531772601676175,0.20540862433862433,15.047163963317871
89,2,34.10178508758545,0.1561727084805395,0.7565422862768173,1.5526640972682284,0.20754079365079364,16.57194185256958
90,2,34.41279983520508,0.15786856557314743,0.756486251950264,1.550409908492034,0.2171067724867725,15.082655429840088
91,2,33.59752740859985,0.1539227121288606,0.7587624713778496,1.551788528540343,0.21029820105820105,16.74271011352539
92,2,33.96549549102783,0.15541400075421238,0.7601200342178345,1.550512053640983,0.23093084656084656,14.995453834533691
93,2,33.47810125350952,0.15330138820895248,0.7598905831575393,1.5510656724705834,0.22547936507936508,14.954617023468018
94,2,32.917504119873044,0.15089690273665937,0.7592109382152558,1.5514444291132814,0.2193989947089947,16.456612825393677
95,2,33.74895057678223,0.1539905161415224,0.7596361517906189,1.5539247386309873,0.23654037037037037,15.095582485198975
96,2,34.404878520965575,0.1574467147710639,0.758979219198227,1.5529703407116764,0.25246550264550266,20.556660652160645
97,2,35.81493511199951,0.16437359577618757,0.7614277392625809,1.5529096953948245,0.2504237037037037,22.112733840942383
98,2,33.71411504745483,0.15500172818858582,0.7459468841552734,1.5547920138940823,0.22769190476190476,20.810715198516846
99,2,34.04597673416138,0.15583776493084725,0.7486640542745591,1.5534110063219821,0.22970126984126985,22.12287163734436
100,2,34.61530437469482,0.15824675801317128,0.7514650255441666,1.557630430543918,0.24209746031746032,20.614843130111694
101,2,34.82652187347412,0.1600374089663033,0.755117216706276,1.5543821911153866,0.23547910052910054,16.33577060699463
102,2,35.359483909606936,0.16187432766254134,0.751050266623497,1.5554494725067205,0.23643238095238095,15.235936641693115
103,2,36.22565231323242,0.1653942089997545,0.7543824285268783,1.5553540408692546,0.2579267724867725,15.075452327728271
104,2,35.70531539916992,0.16313396753076964,0.7503843247890473,1.5542222207203467,0.2661860317460317,16.442158937454224
105,2,34.891657161712644,0.15968292951728136,0.7546805292367935,1.5551634624727098,0.2566,14.8384268283844
106,2,34.89163455963135,0.16046077352224125,0.7588714480400085,1.553358425109996,0.268708253968254,15.044960260391235
107,2,34.55200595855713,0.1588711105427122,0.7591680854558944,1.5554269913192837,0.26541746031746033,16.483843564987183
108,2,34.53006238937378,0.15861432576141854,0.7596048772335052,1.5559615757933891,0.2704628571428571,15.073474407196045
109,2,35.35738878250122,0.1619995854638469,0.7525800585746765,1.555216849868007,0.2659647619047619,15.203497409820557
110,2,34.62521476745606,0.15873306890800837,0.7449672535061836,1.5578309307407379,0.2446348148148148,15.180355787277222
111,2,34.57735614776611,0.15862338904851112,0.7384093388915062,1.5592851656011344,0.2486831746031746,15.244107246398926
112,2,34.02668361663818,0.1561191615852071,0.7448133990168572,1.5588808009516455,0.25277873015873015,16.53422713279724
113,2,35.364677047729494,0.1631081441331856,0.7471807792782783,1.5574060499542663,0.25168915343915343,14.861751317977905
114,2,34.63416385650635,0.15937407303504939,0.7374259114265442,1.5594133527664515,0.24573492063492064,16.275832176208496
115,2,34.89727439880371,0.15968797168368237,0.7342160984873771,1.5576434689970284,0.25727,15.072253465652466
116,2,35.29290170669556,0.1618245696938407,0.7361248522996903,1.557998006783285,0.24906095238095238,14.777661323547363
117,2,35.91038799285889,0.16507696499608168,0.739286707341671,1.5565233951229644,0.2719136507936508,15.127227067947388
118,2,35.265193176269534,0.16190473710039172,0.740399320423603,1.5582739109258437,0.28892497354497354,14.996426105499268
119,2,35.11372451782226,0.16054394159829932,0.7428275212645531,1.5584915919564966,0.27237550264550264,16.62480092048645
120,3,34.057823944091794,0.15718229537879516,0.7523461386561394,1.5554066804073294,0.31969349206349207,15.170238971710205
121,3,35.108567810058595,0.16192542044165345,0.7568164199590683,1.5565337074414702,0.3344769841269841,14.977322816848755
122,3,34.289372730255124,0.1572231045652971,0.7549689203500748,1.5535070791717014,0.3315396825396825,14.903908729553223
123,3,34.37359380722046,0.15782390953360967,0.7512908697128295,1.5554401812413121,0.34267867724867723,14.931669235229492
124,3,33.10362930297852,0.15166919863891548,0.7553193286061287,1.5548044277743258,0.3498358201058201,20.372425317764282
125,3,34.092601203918456,0.15661026612407886,0.7568485602736473,1.5572605165121256,0.35989502645502647,20.271462440490723
126,3,34.460979270935056,0.1582838942922496,0.7544978603720665,1.551946316453278,0.37993132275132274,20.346025466918945
127,3,34.991834449768064,0.16066528061090687,0.735111266374588,1.5575161468374958,0.37020613756613757,20.589681148529053
128,3,33.3887619972229,0.1537561741974454,0.7447315737605095,1.556881284457007,0.3522532275132275,20.605544090270996
129,3,33.65256509780884,0.15411812060094884,0.749231432378292,1.5565096549451853,0.37489603174603175,19.271007776260376
130,3,33.509146499633786,0.15315824099624759,0.7470757588744164,1.5566800553468858,0.3937353968253968,15.000895261764526
131,3,34.285341548919675,0.1569622704256124,0.7478650018572808,1.5563346934665523,0.4047525925925926,14.919909477233887
132,3,34.77440404891968,0.15930588157067477,0.7494996935129166,1.5564522474564493,0.39379206349206347,14.854382276535034
133,3,34.16413879394531,0.1568123763069527,0.7521547630429268,1.5587021188586334,0.38639825396825395,14.876569509506226
134,3,34.38368158340454,0.15724545506006254,0.7426128581166267,1.555664338172154,0.3910485185185185,15.064407348632812
135,3,35.487166023254396,0.16297696794531327,0.7493942573666572,1.5564885054993218,0.38554280423280424,14.891422986984253
136,3,35.98632392883301,0.1647781519397394,0.7486414641141892,1.5552322678954984,0.37245396825396826,15.130425453186035
137,3,35.21733779907227,0.16197744745070874,0.7524681568145752,1.5546177452268657,0.3572122222222222,14.904826402664185
138,3,35.68291893005371,0.16375146694552684,0.7478632554411888,1.5549221586085809,0.3647732275132275,14.930893898010254
139,3,35.637308502197264,0.16361885766506729,0.7481976389884949,1.5546231428393145,0.38000597883597886,15.064347267150879
140,3,35.382069206237794,0.16237954277339448,0.7498383805155754,1.556243902564507,0.3694304232804233,14.864992618560791
141,3,34.94545497894287,0.16012647588035306,0.7525122568011284,1.5571864531071662,0.3796420105820106,14.955863237380981
142,3,35.33359317779541,0.16299198053020417,0.7213652119040489,1.5647188204022668,0.36959984126984124,14.812468528747559
143,3,35.379708480834964,0.16328164723421315,0.7315747961401939,1.5619832324636087,0.3428664021164021,15.03534460067749
144,3,35.23459243774414,0.16266591629718732,0.7394422829151154,1.5605330418694503,0.35182825396825396,15.043545246124268
145,3,35.17556467056274,0.16228559026958717,0.7417153432965279,1.55868483587034,0.3493793121693122,14.964481830596924
146,3,35.0675910949707,0.16173559133205073,0.7272976443171502,1.561996504009009,0.3580904232804233,15.255455732345581
147,3,35.18278846740723,0.16198095604818546,0.7326819777488709,1.5618823144096925,0.36540783068783067,14.915823698043823
148,3,34.72138500213623,0.16064588398076088,0.7278192415833473,1.564247556713718,0.3695961375661376,15.06702208518982
149,3,34.54138622283936,0.15954338527216164,0.7173048064112664,1.5652813163069703,0.38603481481481483,15.037371635437012
150,3,35.69785575866699,0.16530139291356039,0.7115999743342399,1.5634634523802435,0.3842878835978836,14.922979831695557
151,3,36.799758720397946,0.1700284626062099,0.7228999555110931,1.563665043100388,0.3992163492063492,14.799738645553589
152,3,36.176757621765134,0.1679542242225999,0.7223011657595635,1.5658039038473934,0.40197931216931215,20.46896743774414
153,3,37.05958003997803,0.1714882547781335,0.7238307580351829,1.5655689609130212,0.4063803703703704,20.48187780380249
154,3,35.99964618682861,0.1664253500794948,0.7267738252878189,1.5634260306209322,0.4221900529100529,20.62676501274109
155,3,35.40313301086426,0.16339483663282983,0.72743950933218,1.5638436978351096,0.42182888888888886,20.43843102455139
156,3,36.32508182525635,0.1677939104550228,0.7227504998445511,1.5643108783254076,0.42114936507936507,20.475670337677002
157,3,37.25620784759521,0.17185168135013254,0.7248903453350067,1.5625212227424214,0.4254104232804233,15.350312232971191
158,3,36.11781978607178,0.16709174461898277,0.7252948850393295,1.562499545313348,0.43086227513227515,14.887491464614868
159,3,35.51477184295654,0.16337430827448401,0.7244918584823609,1.5637818138852957,0.43429492063492064,15.094953775405884
160,4,35.349106788635254,0.16325717927224048,0.7405155196785926,1.5607180803681584,0.46257121693121694,14.875606775283813
161,4,35.21036987304687,0.16234413693656008,0.7366562724113465,1.560907094915436,0.4632231216931217,14.889549732208252
162,4,35.170753955841064,0.16225349152316287,0.7407223448157311,1.5596348509891702,0.43724656084656083,14.633001565933228
163,4,34.839693260192874,0.16048926986019738,0.7389045208692551,1.5581711155474274,0.44213703703703705,14.739999771118164
164,4,34.835882377624515,0.16069547527799383,0.7390660986304283,1.5591640225653942,0.45370285714285713,14.807997703552246
165,4,35.84508380889893,0.1649959220596582,0.7476789757609368,1.5562982023592071,0.46125925925925926,14.728357315063477
166,4,35.841885566711426,0.16522103280934422,0.745378352701664,1.558435390700106,0.4518803174603175,14.942546129226685
167,4,35.49467792510986,0.1639864848458605,0.7430856972932816,1.5592719543827243,0.47251920634920636,14.820166826248169
168,4,34.923386573791504,0.16110313324472786,0.735216210782528,1.5586691440680418,0.5077101058201058,14.867839574813843
169,4,36.59337882995605,0.16871445433970458,0.7436198800802231,1.5570643368331536,0.5055239153439154,14.857288122177124
170,4,36.173871231079104,0.1664868217374267,0.7436870515346528,1.5570965677869966,0.4532446560846561,14.794133424758911
171,4,35.182811641693114,0.16131788718397458,0.7413458898663521,1.5590555661334966,0.4373896825396825,15.064390420913696
172,4,35.279920387268064,0.16235824057727274,0.7391244560480118,1.557201931327863,0.44967978835978833,14.807830095291138
173,4,35.445756912231445,0.16302210919066346,0.7411995112895966,1.5582074589773436,0.46881603174603176,14.677417755126953
174,4,35.33714427947998,0.16216500320716834,0.7419470563530922,1.5571313542718024,0.44890433862433865,14.859497785568237
175,4,34.613818359375,0.15891034830139078,0.7479010194540023,1.558042701206054,0.47128740740740743,14.676491022109985
176,4,33.66763801574707,0.15455807177267927,0.7436129167675972,1.5567168272623102,0.488855291005291,14.846574544906616
177,4,34.35016450881958,0.15747772518376527,0.7463688656687737,1.557920781890647,0.5069193650793651,14.766090393066406
178,4,33.34923791885376,0.15232958352614007,0.7456560552120208,1.5547565513670443,0.5159371957671958,14.769893407821655
179,4,33.07108001708984,0.15197153292022117,0.7509044200181961,1.5579625077456012,0.5208384126984127,17.699435472488403
180,4,34.40666236877441,0.15797029157142353,0.7463734611868859,1.5584726560844824,0.5247996296296297,20.140476942062378
181,4,35.09111080169678,0.1605304295060695,0.7431432351469993,1.5562531030220035,0.5350868783068783,20.22547173500061
182,4,35.990112686157225,0.1654210308833592,0.7432739898562432,1.5567949044094949,0.5483300529100529,20.287009239196777
183,4,34.835676956176755,0.15981170001172454,0.7435675069689751,1.5581870462034149,0.5677584656084657,20.298125982284546
184,4,34.52756404876709,0.15812594397137353,0.7500154972076416,1.5569548657826613,0.5629123809523809,20.430484533309937
185,4,35.06598844528198,0.16021147623451465,0.7505471378564834,1.5547084811509202,0.5631403703703703,14.957801103591919
186,4,34.98879108428955,0.16153716559795755,0.7327952668070793,1.5611118267342436,0.5240351851851852,14.823429822921753
187,4,34.634463500976565,0.15962970415312316,0.7383349493145943,1.5592260401098206,0.5121880423280424,14.943972826004028
188,4,33.92564373016357,0.15651073309402197,0.7385440915822983,1.5620587032139301,0.5116974603174603,14.83062195777893
189,4,34.68414945602417,0.1593732914107763,0.7396652221679687,1.5640927724593092,0.517230582010582,14.97007966041565
190,4,34.34082584381103,0.15797758731000952,0.7387488156557083,1.5598436037119394,0.5089684126984128,15.045090436935425
191,4,34.7013765335083,0.1605055846167008,0.7400495320558548,1.5631628569045504,0.511112380952381,14.869096517562866
192,4,35.06164283752442,0.16234818016859084,0.7299032002687454,1.5625776681288133,0.5123397354497354,15.149221181869507
193,4,35.03184614181519,0.16170009957361126,0.7303661793470383,1.5634008967804063,0.509899417989418,15.112205266952515
194,4,36.49994029998779,0.16830420948304203,0.7337183833122254,1.5608893265307235,0.5140357142857143,14.975816249847412
195,4,36.41593132019043,0.16841384535185447,0.7347607612609863,1.5632504147735784,0.523556455026455,14.908750772476196
196,4,37.55434093475342,0.1730707934530384,0.7294682502746582,1.5624636657403104,0.5277048148148148,14.881980180740356
197,4,36.399764728546145,0.16767953714534028,0.7161046743392945,1.5656817335719955,0.5007240211640211,15.053078174591064
198,4,35.22918930053711,0.16301066738156197,0.7201613754034042,1.5623954917701466,0.490804708994709,15.071431398391724
199,4,35.75876522064209,0.16525220161009285,0.7260627716779708,1.56393049300891,0.5155751322751323,14.934259414672852
