frame,ref_update_id,hole_frac,max_hole_frac_k,k00,k01,k02,k03,k04,k05,k06,k07,k08,k09,k10,k11,k12,k13,k14,k15,k16,k17,k18,k19
0,0,0.05575862433862434,0.08393227513227514,0.08126243386243387,0.04687724867724868,0.018603174603174604,0.008832804232804232,0.03174497354497355,0.07581798941798942,0.07387089947089948,0.066,0.08118306878306879,0.05985185185185185,0.05906666666666667,0.06241904761904762,0.03249206349206349,0.032437037037037035,0.08393227513227514,0.08158518518518519,0.06083280423280423,0.04783386243386244,0.0577037037037037,0.052825396825396824
1,0,0.040063439153439157,0.0837989417989418,0.004502645502645503,0.0037682539682539684,0.003015873015873016,0.004823280423280423,0.016497354497354497,0.03378941798941799,0.05048994708994709,0.03467407407407407,0.03601481481481481,0.05686137566137566,0.06386666666666667,0.059671957671957675,0.03686031746031746,0.03765608465608466,0.0837989417989418,0.07165396825396825,0.04967407407407407,0.043807407407407406,0.05316825396825397,0.05667407407407407
2,0,0.06936058201058201,0.1083015873015873,0.020233862433862434,0.03453227513227513,0.03545185185185185,0.03636613756613757,0.067194708994709,0.08667089947089947,0.1083015873015873,0.06059470899470899,0.05994603174603175,0.09438201058201058,0.09681693121693122,0.07691534391534391,0.05348253968253968,0.06526137566137566,0.10127407407407407,0.09957777777777778,0.09665925925925926,0.06682328042328042,0.0778952380952381,0.04883174603174603
3,0,0.07111693121693122,0.11008465608465609,0.06922539682539683,0.08088042328042327,0.013942857142857142,0.06228888888888889,0.11008465608465609,0.03854814814814815,0.08793439153439153,0.05442222222222222,0.07282857142857142,0.10499047619047619,0.10965925925925926,0.07809206349206349,0.04789417989417989,0.04736931216931217,0.08794814814814815,0.09064021164021165,0.07712380952380953,0.06268359788359788,0.0749058201058201,0.05087619047619048
4,0,0.06185740740740741,0.1019005291005291,0.03971957671957672,0.09773756613756614,0.05517989417989418,0.03368148148148148,0.017501587301587303,0.04661904761904762,0.06819047619047619,0.055841269841269844,0.0638899470899471,0.08260317460317461,0.1019005291005291,0.0712962962962963,0.04882857142857143,0.04605396825396826,0.09254074074074074,0.0810920634920635,0.06665502645502645,0.0577978835978836,0.06958306878306879,0.04043597883597884
5,0,0.0850336507936508,0.1906,0.04657142857142857,0.054273015873015876,0.035984126984126986,0.046952380952380954,0.018792592592592593,0.04266984126984127,0.081194708994709,0.07114285714285715,0.05797460317460317,0.11473015873015872,0.12586349206349207,0.07828148148148148,0.11242222222222223,0.05635767195767196,0.09227619047619047,0.1906,0.125394708994709,0.09246031746031746,0.14574391534391534,0.11098730158730159
6,0,0.07487322751322752,0.13783068783068783,0.08559153439153439,0.028074074074074074,0.011575661375661376,0.03822222222222222,0.03586243386243386,0.04787830687830688,0.06528571428571428,0.09100846560846561,0.07956719576719577,0.11766455026455026,0.13783068783068783,0.08762116402116402,0.06276931216931217,0.06414391534391535,0.10167089947089947,0.10231534391534391,0.08219365079365079,0.07793121693121693,0.11517989417989417,0.06507830687830687
7,0,0.06980756613756614,0.16662328042328042,0.03785079365079365,0.05676931216931217,0.014621164021164021,0.037866666666666667,0.03878306878306878,0.04427195767195767,0.05525079365079365,0.05297883597883598,0.07312592592592593,0.12036296296296296,0.16662328042328042,0.07966031746031746,0.06212804232804233,0.05326772486772487,0.10401058201058201,0.09209206349206349,0.082805291005291,0.07182751322751323,0.07474391534391535,0.07711111111111112
8,0,0.06794846560846561,0.137205291005291,0.028174603174603175,0.05474497354497355,0.041452910052910054,0.039234920634920636,0.02048888888888889,0.050065608465608466,0.05875449735449736,0.05924550264550264,0.07313333333333333,0.09450793650793651,0.137205291005291,0.07967301587301587,0.05721587301587302,0.0705015873015873,0.09468253968253969,0.09564444444444445,0.0812920634920635,0.07163174603174603,0.08827936507936508,0.06304021164021165
9,0,0.0709336507936508,0.11420423280423281,0.06463386243386243,0.05799365079365079,0.02532169312169312,0.05243174603174603,0.03716825396825397,0.10390899470899471,0.05152380952380953,0.05131322751322751,0.06944867724867725,0.11420423280423281,0.10826560846560847,0.08963703703703704,0.07512592592592593,0.053974603174603175,0.0937957671957672,0.09694920634920635,0.07948465608465609,0.07157354497354497,0.07677142857142857,0.04514708994708995
10,0,0.06795444444444444,0.11323280423280423,0.039101587301587304,0.04282539682539682,0.033258201058201056,0.012391534391534391,0.017135449735449736,0.11323280423280423,0.06071322751322751,0.054863492063492066,0.09388042328042329,0.11253544973544974,0.11308888888888889,0.08989100529100529,0.06131428571428572,0.04733544973544974,0.09863915343915344,0.09409523809523809,0.07828783068783068,0.06258412698412698,0.07962857142857142,0.05428677248677249
11,0,0.07363825396825396,0.11712380952380952,0.07168783068783069,0.07727195767195767,0.007180952380952381,0.02280952380952381,0.06527513227513228,0.08759153439153439,0.057523809523809526,0.08878624338624339,0.08302645502645503,0.11712380952380952,0.11461375661375661,0.09935026455026455,0.06678095238095239,0.04828677248677249,0.10724656084656084,0.08909417989417989,0.0737100529100529,0.06316084656084656,0.07972592592592592,0.05251851851851852
12,0,0.07950798941798942,0.1338973544973545,0.12115767195767196,0.06711216931216932,0.01613121693121693,0.033637037037037035,0.058652910052910054,0.08625185185185186,0.06297248677248678,0.06219259259259259,0.0844973544973545,0.12580952380952382,0.1338973544973545,0.12615026455026454,0.07012275132275132,0.04796719576719577,0.11053227513227513,0.09207301587301588,0.07878730158730159,0.06426349206349206,0.08893756613756613,0.059013756613756616
13,0,0.09032132275132275,0.1429100529100529,0.11185396825396825,0.11015873015873016,0.07162539682539683,0.05967830687830688,0.05804232804232804,0.1429100529100529,0.07188677248677248,0.0848021164021164,0.08473756613756614,0.13163703703703702,0.13956719576719576,0.12862539682539684,0.06791322751322751,0.047266666666666665,0.10984656084656085,0.09052486772486773,0.07614920634920636,0.06785820105820106,0.09221164021164022,0.05913121693121693
14,0,0.08835396825396825,0.16025291005291006,0.08414497354497355,0.09632275132275132,0.024176719576719578,0.033225396825396825,0.055071957671957675,0.09455767195767195,0.07162328042328042,0.07628783068783068,0.08903703703703704,0.16025291005291006,0.13796296296296295,0.1335915343915344,0.08690582010582011,0.07425714285714285,0.119994708994709,0.1092,0.10135449735449735,0.06930899470899471,0.0832973544973545,0.06650582010582011
15,0,0.09362947089947089,0.18486349206349206,0.09498941798941798,0.18486349206349206,0.013372486772486772,0.07828677248677249,0.10466455026455027,0.08776931216931216,0.08630899470899471,0.08094179894179894,0.08803068783068783,0.17031640211640212,0.13422222222222221,0.1285936507936508,0.07017142857142857,0.05152063492063492,0.10592380952380952,0.09697354497354498,0.08671322751322752,0.05827513227513228,0.08623703703703704,0.06441481481481481
16,0,0.09083825396825397,0.16854391534391536,0.1203079365079365,0.11537460317460317,0.04626243386243386,0.08911216931216931,0.1279121693121693,0.08616084656084656,0.09122751322751323,0.08207724867724868,0.09029312169312169,0.16854391534391536,0.12745820105820105,0.12436084656084656,0.06608465608465608,0.045102645502645505,0.09592486772486772,0.09108465608465609,0.07713439153439153,0.052276190476190476,0.06518624338624339,0.05488042328042328
17,0,0.09174142857142857,0.18046772486772486,0.11406560846560847,0.11073015873015873,0.04054920634920635,0.056502645502645506,0.16122328042328044,0.0822962962962963,0.08868783068783069,0.07676613756613757,0.08534391534391535,0.18046772486772486,0.14213121693121694,0.12391851851851853,0.06776825396825396,0.04786137566137566,0.09606666666666666,0.08754708994708994,0.08302433862433863,0.05665291005291005,0.0691936507936508,0.06403174603174604
18,0,0.09716719576719576,0.1932772486772487,0.1932772486772487,0.12139365079365079,0.02147936507936508,0.07218412698412699,0.14951957671957672,0.08308253968253969,0.0811978835978836,0.09275132275132275,0.0910941798941799,0.18782116402116403,0.13875873015873016,0.12571322751322753,0.06284867724867725,0.04884444444444445,0.09564444444444445,0.08913333333333333,0.07777248677248677,0.05612910052910053,0.0913079365079365,0.06339047619047619
19,0,0.09840698412698412,0.20477989417989417,0.20477989417989417,0.1477079365079365,0.03798412698412698,0.06162328042328042,0.062594708994709,0.08559365079365079,0.09538201058201058,0.1019015873015873,0.0855026455026455,0.19194179894179894,0.1538793650793651,0.13637354497354498,0.0695978835978836,0.04529100529100529,0.11578306878306878,0.08603174603174603,0.0817925925925926,0.06254497354497354,0.07193121693121693,0.06990264550264551
20,0,0.10940037037037037,0.20014920634920635,0.15257460317460317,0.16266560846560846,0.13266455026455026,0.06353439153439154,0.1255925925925926,0.1080010582010582,0.11202328042328043,0.09441481481481481,0.09643703703703704,0.20014920634920635,0.1756941798941799,0.14235449735449734,0.08192275132275133,0.05991428571428571,0.10757989417989418,0.09243809523809524,0.08184338624338625,0.06385608465608465,0.0761989417989418,0.05814814814814815
21,0,0.10016232804232804,0.19574497354497356,0.15827513227513226,0.11702539682539682,0.06845714285714286,0.061526984126984124,0.1604931216931217,0.09454603174603175,0.10818518518518519,0.08674708994708995,0.09194391534391534,0.19574497354497356,0.14208148148148148,0.1281756613756614,0.06981904761904761,0.04671216931216931,0.10142222222222222,0.09533439153439154,0.07387407407407408,0.06024232804232804,0.07931005291005291,0.06333015873015874
22,0,0.1290943386243386,0.20835978835978836,0.18472169312169312,0.12122010582010583,0.1409111111111111,0.12206243386243386,0.20137566137566137,0.15036507936507937,0.12515555555555555,0.0992973544973545,0.11383809523809524,0.20835978835978836,0.16154920634920636,0.1094126984126984,0.10612380952380952,0.11560952380952381,0.13105502645502645,0.12219259259259259,0.1068984126984127,0.08291851851851852,0.10152698412698413,0.07729312169312169
23,0,0.11650957671957672,0.2213904761904762,0.14234179894179894,0.033615873015873016,0.0785068783068783,0.05568571428571428,0.2157978835978836,0.11637671957671958,0.09521481481481482,0.10047724867724868,0.16190370370370372,0.2213904761904762,0.16752486772486772,0.1406201058201058,0.10673862433862434,0.08281058201058202,0.13372592592592591,0.1297132275132275,0.10351005291005291,0.07982962962962963,0.0950994708994709,0.06930793650793651
24,0,0.10804058201058202,0.21855238095238094,0.12592804232804233,0.051095238095238096,0.04438306878306878,0.03961269841269841,0.20885820105820105,0.07048783068783068,0.1066994708994709,0.10095343915343916,0.16375555555555554,0.21855238095238094,0.1635989417989418,0.1408910052910053,0.09021164021164021,0.0677005291005291,0.12180317460317461,0.1106920634920635,0.09914708994708994,0.07386349206349206,0.09867619047619047,0.0639015873015873
25,0,0.10033994708994709,0.21729206349206348,0.13399153439153438,0.027442328042328042,0.044760846560846564,0.031215873015873016,0.12823703703703704,0.0756962962962963,0.0967015873015873,0.08737142857142857,0.15736613756613757,0.21729206349206348,0.14397989417989418,0.13455978835978835,0.09176190476190477,0.06160952380952381,0.1164910052910053,0.10963492063492064,0.09463174603174603,0.07901904761904761,0.10186560846560846,0.07317037037037037
26,0,0.10821222222222222,0.21304867724867724,0.1678010582010582,0.03324021164021164,0.06263492063492064,0.09538095238095239,0.11436402116402117,0.09993333333333333,0.0977058201058201,0.09096084656084656,0.15802645502645501,0.21304867724867724,0.15218412698412698,0.13823703703703705,0.09018095238095238,0.07845291005291005,0.11600317460317461,0.10636402116402116,0.08936402116402116,0.08441587301587301,0.09745396825396825,0.07849206349206349
27,0,0.10935825396825397,0.22188359788359788,0.13930793650793652,0.041143915343915344,0.030987301587301588,0.08892169312169312,0.18252380952380953,0.11834920634920634,0.10873333333333333,0.09370687830687831,0.15574179894179893,0.22188359788359788,0.16013333333333332,0.14985714285714286,0.08803174603174603,0.0648941798941799,0.11352592592592592,0.1075026455026455,0.09411746031746032,0.06995026455026455,0.08765185185185186,0.0702010582010582
28,0,0.10161666666666666,0.20742857142857143,0.12992486772486772,0.028425396825396826,0.06773333333333334,0.05326137566137566,0.1337142857142857,0.09666878306878307,0.08432910052910053,0.10902433862433862,0.14529629629629628,0.20742857142857143,0.1646920634920635,0.15073439153439153,0.07511534391534391,0.06935873015873016,0.1104126984126984,0.08959047619047619,0.09491746031746032,0.07494920634920635,0.0757015873015873,0.07105502645502645
29,0,0.10710391534391535,0.20861058201058202,0.14494285714285715,0.04064867724867725,0.071394708994709,0.08103386243386243,0.16311746031746033,0.1036021164021164,0.11087619047619048,0.09204761904761904,0.13605185185185184,0.20861058201058202,0.15793756613756613,0.1461015873015873,0.09244126984126984,0.05960952380952381,0.10736190476190476,0.09374074074074074,0.09553650793650793,0.07291428571428571,0.07819047619047619,0.08591851851851852
30,0,0.10939153439153439,0.22963915343915345,0.10386243386243386,0.12985925925925926,0.07725608465608466,0.04642222222222222,0.11751746031746031,0.10418941798941798,0.10862010582010583,0.0915904761904762,0.14807830687830686,0.22963915343915345,0.18714497354497356,0.15405925925925926,0.0833058201058201,0.0668994708994709,0.10945185185185186,0.09692380952380952,0.09906666666666666,0.07122222222222223,0.08420846560846561,0.07851322751322751
31,0,0.11498328042328042,0.23514285714285715,0.10679047619047619,0.059972486772486774,0.05533756613756614,0.09488465608465609,0.1663121693121693,0.1203047619047619,0.10596296296296297,0.10702857142857143,0.15477671957671957,0.23514285714285715,0.1872031746031746,0.15805502645502645,0.09443068783068784,0.07937777777777778,0.12011957671957672,0.09907195767195767,0.09886243386243386,0.07296402116402116,0.09941269841269841,0.08365502645502645
32,0,0.12377386243386243,0.2356063492063492,0.12782222222222223,0.10477354497354498,0.13402962962962964,0.10825396825396826,0.1742952380952381,0.11886772486772487,0.10490370370370371,0.11357566137566137,0.1350835978835979,0.2356063492063492,0.19268359788359787,0.16517354497354497,0.0951883597883598,0.09124338624338624,0.11892804232804233,0.0967015873015873,0.09306878306878306,0.08018412698412698,0.10326878306878307,0.08182539682539683
33,0,0.12180338624338624,0.2288867724867725,0.15985925925925926,0.09230687830687831,0.09658624338624339,0.09666666666666666,0.16085396825396825,0.12756402116402116,0.11523703703703704,0.10248994708994709,0.13684444444444444,0.2288867724867725,0.1786984126984127,0.16598095238095237,0.11374603174603175,0.09558835978835979,0.12556402116402116,0.09894603174603174,0.09585396825396826,0.07522857142857142,0.09422010582010582,0.07494603174603175
34,0,0.12209656084656084,0.23871746031746033,0.15172698412698413,0.10965714285714286,0.12255449735449736,0.04615026455026455,0.1622994708994709,0.13597354497354497,0.11407195767195767,0.10667407407407407,0.15383915343915344,0.23871746031746033,0.19227301587301587,0.16483809523809523,0.09552592592592593,0.10262116402116402,0.11082328042328042,0.09742116402116402,0.09733227513227513,0.06940952380952381,0.08788465608465608,0.08213756613756613
35,0,0.12405513227513228,0.23435026455026456,0.12354603174603175,0.17481164021164022,0.09390793650793651,0.04102328042328042,0.1583227513227513,0.1492021164021164,0.1097079365079365,0.10762010582010582,0.15113968253968255,0.23435026455026456,0.19383280423280425,0.14329629629629628,0.11249312169312169,0.10648359788359789,0.11130793650793651,0.09817460317460318,0.1012994708994709,0.07274179894179894,0.10628148148148148,0.09155978835978835
36,0,0.12586978835978835,0.22881164021164022,0.12206666666666667,0.22307407407407406,0.07315873015873016,0.05902857142857143,0.10724021164021164,0.11918201058201058,0.13452804232804233,0.10362222222222223,0.16976296296296298,0.22881164021164022,0.19264021164021164,0.1684931216931217,0.12008677248677249,0.1014994708994709,0.11567513227513228,0.09550793650793651,0.10363492063492064,0.07290687830687831,0.11054391534391535,0.09593227513227513
37,0,0.12846444444444444,0.22194179894179894,0.16735132275132275,0.20067089947089947,0.08066455026455026,0.04451322751322751,0.1430042328042328,0.09985185185185186,0.12858941798941798,0.11752592592592592,0.18266243386243386,0.22194179894179894,0.1955026455026455,0.16076190476190477,0.128221164021164,0.10304550264550265,0.12485185185185185,0.09137883597883598,0.10441904761904762,0.08421904761904762,0.09255661375661375,0.09755661375661376
38,0,0.13676486772486773,0.24825820105820107,0.17816402116402116,0.1482994708994709,0.10064338624338624,0.08123280423280423,0.1995037037037037,0.1454814814814815,0.12995449735449735,0.11685608465608466,0.17534391534391536,0.24825820105820107,0.20315026455026455,0.16197989417989417,0.14127407407407408,0.1029925925925926,0.12563386243386243,0.0983089947089947,0.09988253968253968,0.08661904761904762,0.10292592592592592,0.08879259259259259
39,0,0.12723227513227514,0.2426,0.13544550264550265,0.07466984126984128,0.1351767195767196,0.059666666666666666,0.2148941798941799,0.15043597883597884,0.12833756613756614,0.11619047619047619,0.16565608465608467,0.2426,0.1958962962962963,0.13628677248677248,0.11562539682539683,0.09489417989417989,0.12631851851851852,0.0896,0.10117566137566138,0.07366031746031745,0.10727830687830688,0.08083703703703704
40,1,0.12359206349206349,0.19567724867724867,0.15568042328042328,0.09191005291005291,0.15884021164021164,0.050333333333333334,0.14547830687830687,0.14147724867724867,0.10624550264550264,0.1022,0.15133333333333332,0.19567724867724867,0.1594031746031746,0.14433439153439154,0.11794814814814815,0.1168042328042328,0.12635873015873017,0.10497037037037037,0.10791428571428571,0.08877354497354498,0.10843809523809524,0.09772063492063492
41,1,0.11773788359788359,0.20334708994708994,0.14447407407407406,0.10847513227513228,0.14675132275132274,0.06403068783068783,0.05402433862433863,0.12557354497354498,0.11076825396825397,0.10087936507936508,0.13735978835978835,0.20334708994708994,0.1639079365079365,0.1550201058201058,0.09647619047619048,0.1113968253968254,0.12144761904761905,0.119794708994709,0.10941587301587302,0.08546984126984127,0.09792592592592593,0.09821904761904762
42,1,0.12559931216931217,0.20718835978835978,0.1558973544973545,0.11177777777777778,0.16938835978835978,0.0451957671957672,0.1163936507936508,0.14144126984126984,0.1070973544973545,0.12683068783068782,0.12521269841269841,0.20718835978835978,0.17546666666666666,0.15922328042328043,0.11701798941798942,0.11175661375661376,0.127415873015873,0.10188677248677248,0.10859894179894179,0.08708994708994709,0.11137142857142857,0.10573544973544974
43,1,0.13573037037037036,0.204984126984127,0.1727830687830688,0.049523809523809526,0.204984126984127,0.06523703703703704,0.16364656084656085,0.13462751322751323,0.11321481481481481,0.10796402116402117,0.13605820105820104,0.18784656084656084,0.2,0.1573915343915344,0.133594708994709,0.1162031746031746,0.14531534391534393,0.11421587301587302,0.17654708994708995,0.0844,0.1315068783068783,0.11954708994708994
44,1,0.12507560846560847,0.18366560846560848,0.047302645502645506,0.007406349206349206,0.15842433862433863,0.07253333333333334,0.18366560846560848,0.14853544973544974,0.12419047619047618,0.11248465608465609,0.13441375661375662,0.1645047619047619,0.1579873015873016,0.14905291005291005,0.14002116402116402,0.13355978835978835,0.14673968253968253,0.11955449735449736,0.12714391534391534,0.10170899470899471,0.11872910052910053,0.15355343915343916
45,1,0.12381597883597883,0.1755925925925926,0.0462994708994709,0.03751534391534392,0.1418010582010582,0.09081164021164022,0.11688148148148148,0.1425195767195767,0.12078730158730158,0.09984550264550264,0.1415079365079365,0.1755925925925926,0.16946878306878307,0.16835661375661376,0.1399037037037037,0.1242952380952381,0.15467301587301588,0.13094814814814815,0.11757671957671957,0.10313439153439154,0.1009005291005291,0.1535005291005291
46,1,0.12466671957671957,0.1762994708994709,0.13176296296296297,0.013193650793650794,0.11975449735449735,0.08151111111111112,0.12136613756613757,0.12194708994708994,0.139010582010582,0.1124994708994709,0.14172910052910054,0.1762994708994709,0.1585238095238095,0.15806243386243385,0.12188253968253968,0.11966137566137566,0.14386984126984126,0.13377777777777777,0.12384973544973545,0.10755555555555556,0.11135978835978835,0.1557174603174603
47,1,0.1301190476190476,0.19275555555555557,0.19275555555555557,0.036571428571428574,0.17355555555555555,0.06922645502645502,0.11566455026455026,0.12234708994708994,0.1132973544973545,0.1186962962962963,0.14575026455026455,0.17517248677248679,0.17635661375661377,0.14872169312169312,0.12399047619047619,0.12364338624338625,0.134378835978836,0.1288857142857143,0.1265079365079365,0.09931322751322752,0.1203079365079365,0.15723809523809523
48,1,0.12892248677248677,0.22182857142857143,0.22182857142857143,0.013837037037037037,0.07284232804232804,0.09013862433862434,0.0982084656084656,0.16486984126984128,0.12249206349206349,0.11767936507936508,0.14885079365079365,0.17586666666666667,0.1863989417989418,0.15855661375661376,0.12353968253968255,0.1294846560846561,0.1283047619047619,0.13268253968253968,0.12001058201058201,0.09907513227513227,0.11798730158730159,0.15579576719576718
49,1,0.13310005291005292,0.23737777777777777,0.23737777777777777,0.05025608465608466,0.03877037037037037,0.0832084656084656,0.14664232804232805,0.17786984126984126,0.1262941798941799,0.12221693121693122,0.1655248677248677,0.171994708994709,0.18623703703703703,0.14667195767195768,0.1252137566137566,0.13435661375661376,0.1275238095238095,0.1330010582010582,0.1216994708994709,0.09836719576719577,0.1141058201058201,0.15466878306878307
50,1,0.13463079365079364,0.18278201058201057,0.17877883597883598,0.05182116402116402,0.1316931216931217,0.10018835978835978,0.16257989417989419,0.1428973544973545,0.12833544973544975,0.10312698412698412,0.17264444444444443,0.16406878306878306,0.18278201058201057,0.16376507936507936,0.12143280423280424,0.127389417989418,0.1289121693121693,0.13161375661375663,0.13174708994708995,0.09526878306878307,0.10607089947089947,0.1674994708994709
51,1,0.1390278306878307,0.2483756613756614,0.1852994708994709,0.047897354497354494,0.2483756613756614,0.08686984126984126,0.1129058201058201,0.16753862433862435,0.12331640211640212,0.10488888888888889,0.1898867724867725,0.16285820105820106,0.18935026455026455,0.14965714285714285,0.12230687830687831,0.11843280423280424,0.1385989417989418,0.1348126984126984,0.12624021164021165,0.10891111111111111,0.10800529100529101,0.1544042328042328
52,1,0.145924708994709,0.2245068783068783,0.1533756613756614,0.08966772486772487,0.2245068783068783,0.07094920634920635,0.177589417989418,0.20146984126984127,0.11875343915343915,0.12566031746031747,0.18253544973544975,0.16864867724867724,0.1808031746031746,0.1787164021164021,0.12222857142857142,0.14879365079365078,0.12953121693121694,0.13018518518518518,0.1321026455026455,0.09893439153439153,0.12018095238095237,0.16386137566137565
53,1,0.14145560846560848,0.2126899470899471,0.10405714285714286,0.0767111111111111,0.2126899470899471,0.09368677248677248,0.1684179894179894,0.1645111111111111,0.13403915343915343,0.11404232804232804,0.164994708994709,0.1828899470899471,0.1939873015873016,0.17955661375661375,0.12393650793650794,0.11678730158730159,0.1364857142857143,0.13462751322751323,0.12307301587301588,0.1076063492063492,0.10421058201058202,0.1928010582010582
54,1,0.14594354497354498,0.21473333333333333,0.13158201058201058,0.09503280423280423,0.20402857142857142,0.10965185185185185,0.10587195767195767,0.17104232804232805,0.13533439153439153,0.13696402116402118,0.16742645502645503,0.18353227513227513,0.21473333333333333,0.18278835978835978,0.1338973544973545,0.15984232804232804,0.1364973544973545,0.13876190476190475,0.12986984126984127,0.1038074074074074,0.11243068783068783,0.16577566137566138
55,1,0.15175074074074074,0.244389417989418,0.14271957671957672,0.06175026455026455,0.244389417989418,0.1285164021164021,0.14114391534391535,0.1780010582010582,0.15180846560846561,0.14035555555555557,0.19433015873015874,0.1888137566137566,0.20246243386243387,0.18094285714285716,0.13866878306878308,0.13143068783068784,0.1432994708994709,0.14290687830687832,0.133821164021164,0.10656296296296296,0.1179883597883598,0.1651026455026455
56,1,0.15407973544973544,0.21125185185185186,0.1638994708994709,0.03848888888888889,0.19714814814814816,0.13562857142857143,0.18694074074074074,0.21125185185185186,0.14365291005291006,0.1308931216931217,0.19923068783068784,0.19977671957671958,0.20875132275132274,0.17624232804232803,0.1399164021164021,0.1227079365079365,0.14430899470899472,0.1441978835978836,0.1386952380952381,0.10117989417989418,0.12433968253968254,0.17434391534391536
57,1,0.1478209523809524,0.21564550264550264,0.12573121693121694,0.03781587301587302,0.21564550264550264,0.11306455026455027,0.12162433862433862,0.19435661375661376,0.13835238095238095,0.12660105820105821,0.20432592592592594,0.20873544973544975,0.19877777777777778,0.17943597883597884,0.14195026455026455,0.14164550264550266,0.13644973544973546,0.1398878306878307,0.12984867724867724,0.1067915343915344,0.1224984126984127,0.17288042328042327
58,1,0.15425021164021163,0.21642539682539683,0.14692063492063492,0.029912169312169314,0.21642539682539683,0.1375195767195767,0.14128253968253968,0.20514391534391535,0.15537142857142858,0.1618962962962963,0.21017883597883597,0.17169206349206348,0.20320740740740742,0.20056084656084655,0.145621164021164,0.1342010582010582,0.1464867724867725,0.14075767195767197,0.1366814814814815,0.11367724867724868,0.11064656084656084,0.17682116402116402
59,1,0.15191661375661375,0.23194920634920635,0.11646878306878307,0.07454497354497354,0.18676931216931217,0.11922116402116402,0.23194920634920635,0.22965396825396825,0.15553756613756614,0.1465089947089947,0.17516931216931217,0.15987407407407409,0.1719037037037037,0.14422645502645504,0.16475343915343915,0.13766455026455027,0.15146666666666667,0.13786243386243385,0.12017883597883598,0.12301164021164021,0.1242994708994709,0.16726772486772487
60,1,0.13898174603174604,0.19207830687830688,0.07258835978835979,0.01565820105820106,0.19207830687830688,0.10466243386243386,0.14715767195767196,0.17913439153439153,0.14047407407407408,0.13523386243386243,0.17757460317460316,0.15284550264550265,0.17373544973544974,0.14165396825396825,0.17443597883597883,0.14581375661375662,0.15582222222222222,0.13462539682539681,0.1312042328042328,0.10882962962962962,0.12265925925925926,0.17344761904761904
61,1,0.15328153439153439,0.24397037037037037,0.11642857142857142,0.0377978835978836,0.24397037037037037,0.10841375661375661,0.18783280423280424,0.23278624338624337,0.16354391534391535,0.11711534391534391,0.1632920634920635,0.18562222222222222,0.18412169312169313,0.14885608465608466,0.17926878306878308,0.1376931216931217,0.1601058201058201,0.14771851851851853,0.12713650793650794,0.11122857142857143,0.13026878306878306,0.18242962962962964
62,1,0.16177698412698413,0.25777989417989416,0.19592804232804234,0.050471957671957675,0.2161957671957672,0.11803703703703704,0.19177671957671957,0.25777989417989416,0.139594708994709,0.13562645502645504,0.17812698412698413,0.1771873015873016,0.20272275132275133,0.1661164021164021,0.17251640211640212,0.1440846560846561,0.154194708994709,0.15027513227513228,0.14363068783068783,0.11524656084656085,0.1343058201058201,0.19172169312169313
63,1,0.1670405291005291,0.26299047619047616,0.13051957671957673,0.055916402116402114,0.23963597883597884,0.11796084656084656,0.21488888888888888,0.26299047619047616,0.17034708994708994,0.15337989417989417,0.17637460317460318,0.1734857142857143,0.18492275132275132,0.15692486772486772,0.18897566137566138,0.14863703703703704,0.1728084656084656,0.15780211640211642,0.1481925925925926,0.11865925925925926,0.14405714285714286,0.22433121693121694
64,1,0.17321343915343915,0.26484761904761905,0.21738518518518518,0.07952169312169312,0.26484761904761905,0.09666560846560847,0.2326074074074074,0.25805185185185187,0.19562857142857143,0.14983492063492063,0.2009767195767196,0.16415873015873017,0.19455767195767196,0.1717989417989418,0.1920941798941799,0.13343809523809524,0.15406984126984127,0.15161798941798943,0.14152804232804234,0.11127936507936508,0.14453862433862433,0.20966772486772486
65,1,0.1663514814814815,0.25985079365079367,0.07024338624338625,0.08573333333333333,0.23045291005291005,0.09637460317460317,0.1229936507936508,0.25985079365079367,0.21464973544973545,0.1784021164021164,0.198410582010582,0.19648359788359787,0.19275555555555557,0.180394708994709,0.18213121693121692,0.18164338624338625,0.16903492063492062,0.15507195767195767,0.14406984126984126,0.11464550264550265,0.1357132275132275,0.21797460317460318
66,1,0.16920343915343916,0.2592306878306878,0.11809100529100529,0.0535989417989418,0.25531534391534394,0.12233333333333334,0.20047619047619047,0.2592306878306878,0.20127619047619047,0.17894708994708994,0.20113756613756614,0.16186772486772485,0.2061111111111111,0.16813333333333333,0.17936719576719576,0.17843068783068783,0.15194285714285713,0.15919259259259258,0.14766031746031746,0.1045026455026455,0.1366074074074074,0.19984656084656086
67,1,0.17377603174603173,0.32104867724867725,0.12063492063492064,0.0447058201058201,0.24751216931216932,0.10167936507936508,0.21547830687830688,0.32104867724867725,0.20181798941798942,0.1856783068783069,0.20738941798941798,0.19184867724867724,0.18368677248677248,0.1498031746031746,0.20004761904761906,0.1492021164021164,0.16999259259259258,0.15993015873015873,0.16042222222222222,0.11656825396825397,0.14581904761904763,0.20225502645502647
68,1,0.17962338624338625,0.2785925925925926,0.12412592592592593,0.059635978835978834,0.2762846560846561,0.14981269841269843,0.24144338624338624,0.2785925925925926,0.22560952380952382,0.14704232804232803,0.20237566137566138,0.17231428571428573,0.18328359788359788,0.1623978835978836,0.2000169312169312,0.1435206349206349,0.1817968253968254,0.16117354497354497,0.16637671957671957,0.1331037037037037,0.1484021164021164,0.23515873015873015
69,1,0.18009698412698413,0.3009502645502645,0.10424550264550264,0.03078095238095238,0.2447089947089947,0.14097354497354497,0.20632063492063493,0.3009502645502645,0.2155830687830688,0.22964126984126984,0.21315026455026456,0.2140952380952381,0.16488253968253969,0.18406772486772488,0.19466666666666665,0.14035132275132275,0.20494391534391534,0.1621164021164021,0.14712275132275132,0.13676613756613756,0.14671322751322752,0.21985925925925925
70,1,0.181619417989418,0.274389417989418,0.16604021164021163,0.06088359788359789,0.22086349206349207,0.16083174603174602,0.23827724867724867,0.274389417989418,0.18833862433862433,0.21706243386243387,0.21136084656084655,0.20208677248677248,0.15992486772486772,0.17996931216931217,0.1911883597883598,0.1433111111111111,0.1966126984126984,0.1606994708994709,0.15893756613756613,0.13374179894179894,0.15096613756613755,0.2169026455026455
71,1,0.17529444444444445,0.26275449735449735,0.13236613756613758,0.016158730158730157,0.21364973544973545,0.1823936507936508,0.18647513227513227,0.26275449735449735,0.18596296296296297,0.2141058201058201,0.2121915343915344,0.1995862433862434,0.1462179894179894,0.15651957671957673,0.21905714285714287,0.15988253968253968,0.17773862433862433,0.16687195767195767,0.16404867724867725,0.12588148148148148,0.15375238095238095,0.23027407407407408
72,1,0.18761687830687832,0.27506031746031745,0.13731640211640211,0.08968359788359788,0.2230201058201058,0.14265185185185186,0.1799915343915344,0.27506031746031745,0.19926455026455026,0.25681798941798945,0.19681058201058202,0.21025079365079366,0.17211957671957673,0.1981767195767196,0.22216296296296295,0.1430984126984127,0.1863989417989418,0.1701026455026455,0.17374497354497354,0.12336507936507937,0.17872169312169311,0.273578835978836
73,1,0.18834084656084657,0.2928730158730159,0.1473989417989418,0.08608783068783069,0.1897047619047619,0.15122222222222223,0.2782846560846561,0.2928730158730159,0.200015873015873,0.21523597883597884,0.21386349206349206,0.19652169312169313,0.1556031746031746,0.16897777777777778,0.25175555555555557,0.14563703703703704,0.19235978835978837,0.1678084656084656,0.1679164021164021,0.15683280423280424,0.15451957671957672,0.2341978835978836
74,1,0.1856073015873016,0.32177460317460316,0.12311322751322751,0.13096190476190475,0.32177460317460316,0.13357248677248676,0.21768888888888888,0.27473439153439155,0.18157777777777778,0.2099058201058201,0.18953121693121694,0.20204232804232805,0.15527619047619048,0.1714878306878307,0.23576507936507937,0.18076613756613757,0.1703132275132275,0.1506031746031746,0.1553153439153439,0.12498624338624338,0.16354497354497355,0.21918518518518518
75,1,0.17910253968253967,0.3276169312169312,0.12018095238095237,0.07152698412698413,0.3276169312169312,0.16451428571428572,0.21052804232804234,0.2604994708994709,0.15561481481481482,0.1898867724867725,0.19286455026455027,0.19506349206349205,0.15276402116402116,0.16265608465608467,0.22845396825396824,0.1503132275132275,0.19131216931216932,0.1600095238095238,0.14087936507936508,0.13846984126984127,0.1620137566137566,0.2068825396825397
76,1,0.1862468783068783,0.2642857142857143,0.17544656084656085,0.15907407407407406,0.2048941798941799,0.1328973544973545,0.18583915343915344,0.24744021164021163,0.1851058201058201,0.20860529100529102,0.17939153439153438,0.2352126984126984,0.17803703703703705,0.17328042328042328,0.22792910052910054,0.15044126984126985,0.1796984126984127,0.16257354497354498,0.15338624338624338,0.14312592592592593,0.17827301587301586,0.2642857142857143
77,1,0.18813407407407406,0.25155873015873015,0.18619788359788358,0.14202857142857142,0.22317037037037038,0.1696074074074074,0.2086835978835979,0.25155873015873015,0.20036931216931217,0.18358624338624338,0.17957248677248677,0.1781798941798942,0.16908148148148147,0.18478730158730158,0.2334973544973545,0.1624962962962963,0.20184973544973545,0.17013650793650795,0.16025608465608465,0.15993756613756613,0.16665502645502644,0.23102962962962964
78,1,0.19275100529100528,0.3204190476190476,0.20201375661375662,0.16755026455026456,0.24911640211640212,0.16735661375661376,0.23796613756613758,0.3204190476190476,0.1923227513227513,0.2038962962962963,0.1772878306878307,0.18656190476190476,0.1524031746031746,0.18276825396825397,0.24104867724867726,0.14606031746031747,0.21828571428571428,0.1662772486772487,0.14027195767195766,0.14193439153439152,0.16415238095238094,0.19732698412698413
79,1,0.18375814814814814,0.272368253968254,0.1345185185185185,0.14907407407407408,0.23485714285714285,0.19081481481481483,0.24235767195767197,0.272368253968254,0.2127047619047619,0.20106243386243386,0.15641375661375662,0.18056402116402118,0.1487005291005291,0.17794497354497354,0.24598835978835978,0.13952486772486772,0.21405291005291005,0.1666042328042328,0.13551640211640212,0.1390010582010582,0.14804021164021164,0.18505396825396825
80,2,0.18742185185185184,0.2892846560846561,0.1040984126984127,0.1604021164021164,0.2892846560846561,0.09155343915343915,0.2136,0.2541957671957672,0.20186772486772486,0.14166349206349207,0.15482857142857143,0.23212698412698413,0.15113333333333334,0.17057037037037037,0.1832804232804233,0.1410010582010582,0.23345185185185185,0.17810793650793652,0.18035661375661374,0.1829111111111111,0.22827301587301588,0.25573015873015875
81,2,0.18614137566137567,0.25926455026455025,0.16572380952380952,0.15231111111111112,0.24876719576719578,0.09585185185185185,0.22791005291005292,0.2587333333333333,0.18625925925925926,0.15423492063492064,0.16876507936507937,0.18852592592592593,0.15153756613756614,0.1814878306878307,0.1941820105820106,0.144205291005291,0.19823386243386243,0.18953333333333333,0.19835873015873015,0.15734391534391534,0.2015978835978836,0.25926455026455025
82,2,0.20496285714285714,0.31257883597883596,0.1833153439153439,0.14234708994708994,0.2877820105820106,0.11355132275132275,0.31257883597883596,0.2898232804232804,0.18657354497354497,0.19977142857142857,0.1859978835978836,0.16402222222222224,0.14795132275132275,0.1661968253968254,0.21104867724867724,0.13748359788359787,0.23978518518518518,0.19337354497354498,0.2023026455026455,0.2338941798941799,0.22602857142857144,0.27542962962962964
83,2,0.20949661375661377,0.29827089947089946,0.15758835978835978,0.10053439153439153,0.29827089947089946,0.17193650793650794,0.2521079365079365,0.2895100529100529,0.19537142857142858,0.15638624338624338,0.17884867724867726,0.16768359788359788,0.15652063492063492,0.20587089947089948,0.20042222222222222,0.15862857142857142,0.27101587301587304,0.21105291005291005,0.20744973544973544,0.2468126984126984,0.2777068783068783,0.2862137566137566
84,2,0.21279291005291004,0.3166455026455026,0.19237354497354497,0.09655238095238096,0.2641068783068783,0.14807407407407408,0.2752846560846561,0.24282645502645503,0.2150857142857143,0.18554708994708996,0.17762539682539683,0.1777111111111111,0.1871005291005291,0.18912592592592592,0.2161809523809524,0.16343280423280424,0.2337830687830688,0.22124973544973545,0.27296825396825397,0.20566031746031746,0.2745238095238095,0.3166455026455026
85,2,0.21173026455026456,0.3230328042328042,0.240589417989418,0.05183280423280423,0.2683534391534392,0.16531957671957673,0.29473333333333335,0.29877566137566136,0.22694179894179894,0.19313333333333332,0.19672804232804234,0.1822010582010582,0.14053756613756613,0.18832275132275134,0.23449629629629629,0.14883174603174604,0.25267407407407405,0.20057566137566138,0.22462539682539684,0.1671915343915344,0.2357089947089947,0.3230328042328042
86,2,0.20050957671957673,0.2837820105820106,0.23546031746031745,0.10704550264550265,0.2618190476190476,0.2739132275132275,0.2837820105820106,0.2819386243386243,0.2057079365079365,0.18412910052910053,0.18094179894179893,0.16831322751322753,0.13777989417989417,0.16882433862433863,0.21582328042328042,0.12479365079365079,0.21484550264550265,0.19394920634920634,0.19762433862433862,0.15436507936507937,0.19414285714285714,0.2249925925925926
87,2,0.19704031746031747,0.2867269841269841,0.22083386243386244,0.11867513227513228,0.2867269841269841,0.24984444444444445,0.268189417989418,0.25986560846560847,0.1864042328042328,0.15619153439153438,0.16431957671957673,0.16514285714285715,0.16264021164021164,0.1788772486772487,0.18857883597883598,0.16922222222222222,0.2326021164021164,0.20608253968253967,0.17287830687830688,0.1627862433862434,0.17557883597883597,0.21536613756613757
88,2,0.20540862433862433,0.30238624338624337,0.22296296296296297,0.11804973544973545,0.30238624338624337,0.24292063492063493,0.28448465608465606,0.2733005291005291,0.18337989417989417,0.15746455026455025,0.15285502645502647,0.1966021164021164,0.18855449735449736,0.1705862433862434,0.19162857142857143,0.14305291005291004,0.2610095238095238,0.20001164021164022,0.18177460317460317,0.1938021164021164,0.18086666666666668,0.2624793650793651
89,2,0.20754079365079364,0.33904126984126987,0.14615661375661376,0.08979576719576719,0.33904126984126987,0.22476825396825398,0.19262539682539684,0.2833227513227513,0.18057989417989417,0.17024656084656084,0.16785079365079364,0.16694179894179895,0.2029883597883598,0.18269417989417988,0.20112592592592593,0.17038412698412697,0.28308253968253966,0.2154095238095238,0.18763386243386243,0.2225904761904762,0.22418624338624338,0.2993915343915344
90,2,0.2171067724867725,0.33635132275132273,0.25119470899470897,0.12546243386243386,0.26348042328042326,0.19065185185185185,0.17495661375661375,0.30655978835978837,0.21335767195767197,0.18302751322751323,0.18534920634920635,0.18544021164021163,0.20422328042328042,0.1912074074074074,0.24055767195767197,0.12725925925925927,0.25403703703703706,0.21583068783068782,0.21052592592592592,0.33635132275132273,0.1920825396825397,0.29057989417989416
91,2,0.21029820105820105,0.3330973544973545,0.2512910052910053,0.08515132275132276,0.3089449735449735,0.1825100529100529,0.24098835978835978,0.2848021164021164,0.19010476190476192,0.17772169312169311,0.1503936507936508,0.14475978835978837,0.1998952380952381,0.1791915343915344,0.22187407407407408,0.15610370370370372,0.2750190476190476,0.20982857142857142,0.20122010582010583,0.21960846560846561,0.19345820105820105,0.3330973544973545
92,2,0.23093084656084656,0.34886349206349204,0.2854687830687831,0.1435968253968254,0.33244338624338626,0.24664973544973545,0.272405291005291,0.31054179894179895,0.21454708994708996,0.21222857142857143,0.18584126984126983,0.1738941798941799,0.18183174603174604,0.18324021164021165,0.26671957671957675,0.1439026455026455,0.261389417989418,0.22831851851851853,0.20695343915343917,0.17223809523809525,0.24754285714285715,0.34886349206349204
93,2,0.22547936507936508,0.3335968253968254,0.19825185185185185,0.07315555555555556,0.3335968253968254,0.23796402116402116,0.2599238095238095,0.2474095238095238,0.24563386243386243,0.16224550264550264,0.18834708994708996,0.1907915343915344,0.19194497354497356,0.16164761904761904,0.27211111111111114,0.1560941798941799,0.2748973544973545,0.21957566137566137,0.2416084656084656,0.20727195767195766,0.31393650793650796,0.3331798941798942
94,2,0.2193989947089947,0.3244338624338624,0.24755661375661375,0.07835978835978837,0.26715555555555554,0.22778201058201059,0.26317671957671956,0.3244338624338624,0.21510899470899472,0.23925502645502644,0.1681915343915344,0.1625047619047619,0.18782433862433862,0.2099100529100529,0.26333756613756615,0.1375005291005291,0.2883428571428571,0.2396074074074074,0.21334391534391534,0.20045714285714286,0.21770793650793652,0.23642328042328042
95,2,0.23654037037037037,0.3636338624338624,0.24643597883597884,0.12361693121693122,0.3636338624338624,0.3201978835978836,0.3142074074074074,0.3290751322751323,0.21857248677248678,0.22746349206349206,0.20401269841269842,0.1592095238095238,0.132989417989418,0.16646984126984127,0.2702,0.1674021164021164,0.269405291005291,0.24123068783068782,0.26187195767195764,0.1857121693121693,0.2671851851851852,0.26191534391534393
96,2,0.25246550264550266,0.3946952380952381,0.19372063492063493,0.15442751322751322,0.3946952380952381,0.32034920634920633,0.3727883597883598,0.3576042328042328,0.25086031746031745,0.23674179894179895,0.21627195767195767,0.18811851851851852,0.17563597883597884,0.1879037037037037,0.27575555555555553,0.13072380952380952,0.2675925925925926,0.22672698412698414,0.2703862433862434,0.1848,0.323778835978836,0.32042857142857145
97,2,0.2504237037037037,0.41261269841269843,0.2575227513227513,0.10606349206349207,0.41261269841269843,0.3245375661375661,0.3958232804232804,0.38275026455026456,0.2549968253968254,0.1984126984126984,0.2216920634920635,0.20476296296296295,0.19617777777777778,0.17973968253968253,0.2851058201058201,0.12674920634920636,0.2908349206349206,0.19698095238095237,0.25631005291005293,0.2109989417989418,0.2076941798941799,0.29870793650793653
98,2,0.22769190476190476,0.3780962962962963,0.19862962962962963,0.08343492063492064,0.35005079365079367,0.3780962962962963,0.36505185185185185,0.35396507936507937,0.22865502645502644,0.17093968253968253,0.20044867724867724,0.16804761904761906,0.14828359788359788,0.17269100529100528,0.24883386243386243,0.1144878306878307,0.29154179894179894,0.2066074074074074,0.20575343915343916,0.18244761904761905,0.22572169312169313,0.2601502645502646
99,2,0.22970126984126985,0.3611862433862434,0.2579820105820106,0.1256084656084656,0.33852275132275134,0.3427724867724868,0.3611862433862434,0.3296328042328042,0.23447195767195766,0.17478518518518518,0.19094285714285714,0.1872074074074074,0.16044761904761906,0.14870687830687832,0.2407883597883598,0.1256846560846561,0.21477354497354498,0.22072275132275132,0.2392952380952381,0.15468042328042328,0.22895873015873017,0.31685502645502645
100,2,0.24209746031746032,0.406637037037037,0.23682645502645502,0.14121587301587302,0.406637037037037,0.34196719576719575,0.39148783068783066,0.2999375661375661,0.25575026455026456,0.21235343915343916,0.21423386243386244,0.18663492063492063,0.16408677248677248,0.14012063492063492,0.23827089947089947,0.17951746031746033,0.20243703703703703,0.2051089947089947,0.2311015873015873,0.16687407407407406,0.29094285714285717,0.33644444444444443
101,2,0.23547910052910054,0.38128465608465606,0.2803068783068783,0.13725608465608466,0.3793978835978836,0.3667164021164021,0.38128465608465606,0.3048497354497354,0.24013227513227514,0.2049851851851852,0.19937142857142856,0.22022539682539682,0.16287195767195767,0.1590962962962963,0.2580730158730159,0.12055873015873016,0.2427089947089947,0.20676507936507937,0.24191957671957673,0.14983386243386243,0.22212910052910054,0.2310994708994709
102,2,0.23643238095238095,0.3894169312169312,0.23635767195767196,0.1368952380952381,0.3502243386243386,0.3888888888888889,0.3894169312169312,0.3243111111111111,0.26025925925925925,0.20321587301587302,0.16402751322751322,0.1963915343915344,0.17184550264550263,0.158215873015873,0.25757142857142856,0.15081904761904763,0.24652486772486773,0.21117142857142857,0.21565714285714285,0.1715809523809524,0.24024867724867724,0.2550243386243386
103,2,0.2579267724867725,0.44095555555555555,0.30745396825396826,0.07374285714285714,0.3382306878306878,0.35984338624338624,0.44095555555555555,0.2973703703703704,0.2745714285714286,0.20797037037037036,0.1802857142857143,0.19857248677248676,0.1945925925925926,0.20088042328042327,0.2558412698412698,0.1314962962962963,0.3269873015873016,0.22241798941798943,0.24837671957671958,0.2510222222222222,0.29026878306878307,0.35765502645502645
104,2,0.2661860317460317,0.4274920634920635,0.341210582010582,0.10977354497354497,0.4073068783068783,0.29602751322751325,0.4274920634920635,0.37973015873015875,0.25498095238095236,0.20784656084656083,0.18685502645502647,0.20372486772486773,0.2239269841269841,0.20916825396825398,0.2881619047619048,0.1750899470899471,0.2536063492063492,0.24795343915343915,0.26607619047619047,0.20036296296296296,0.28367301587301585,0.36075343915343916
105,2,0.2566,0.4410169312169312,0.28675873015873016,0.11644867724867725,0.3422931216931217,0.30035343915343915,0.4410169312169312,0.3715502645502646,0.2943820105820106,0.21994920634920634,0.1652021164021164,0.16554179894179893,0.17435343915343915,0.1851820105820106,0.30233650793650796,0.12737989417989418,0.28592910052910053,0.2665037037037037,0.2789259259259259,0.24007301587301588,0.24321587301587302,0.3246042328042328
106,2,0.268708253968254,0.45327407407407405,0.32134603174603177,0.09804656084656084,0.45327407407407405,0.24782116402116403,0.4351714285714286,0.3739523809523809,0.27553756613756614,0.23861269841269842,0.19313439153439155,0.15546666666666667,0.17824550264550265,0.18415767195767196,0.29783174603174606,0.13613227513227513,0.3119746031746032,0.2493142857142857,0.25308677248677247,0.25625396825396823,0.3509756613756614,0.3638296296296296
107,2,0.26541746031746033,0.4332783068783069,0.26935767195767196,0.07872486772486773,0.39753121693121696,0.30682328042328044,0.4332783068783069,0.331989417989418,0.283805291005291,0.21196507936507936,0.1746952380952381,0.18562962962962962,0.22290370370370372,0.22005502645502645,0.30365291005291006,0.1265238095238095,0.30134708994709,0.23845925925925926,0.3215724867724868,0.20994920634920636,0.3819248677248677,0.3081608465608466
108,2,0.2704628571428571,0.43672486772486774,0.245615873015873,0.04824656084656084,0.43672486772486774,0.3378634920634921,0.41525396825396826,0.30012804232804235,0.2726571428571429,0.2311037037037037,0.1888973544973545,0.1991037037037037,0.2381185185185185,0.2105153439153439,0.3149142857142857,0.14994920634920636,0.3231132275132275,0.28879365079365077,0.2624698412698413,0.22634708994708994,0.39382222222222224,0.32561904761904764
109,2,0.2659647619047619,0.4387968253968254,0.31395661375661377,0.08641693121693121,0.38405079365079364,0.34135661375661375,0.4387968253968254,0.3442931216931217,0.30376719576719574,0.26433968253968254,0.16347724867724867,0.14511534391534392,0.19197883597883597,0.2347100529100529,0.33368888888888887,0.13386349206349207,0.32204550264550263,0.26283280423280425,0.23332380952380952,0.22745079365079365,0.3144931216931217,0.27933756613756616
110,2,0.2446348148148148,0.43993121693121695,0.19925820105820105,0.08975132275132275,0.3786804232804233,0.32672169312169314,0.43993121693121695,0.3081904761904762,0.2400169312169312,0.30895132275132275,0.21444867724867725,0.1278984126984127,0.16385185185185186,0.17714603174603175,0.31984973544973544,0.1292031746031746,0.2376137566137566,0.22921269841269842,0.22837354497354498,0.19186984126984127,0.29511534391534394,0.2866116402116402
111,2,0.2486831746031746,0.4316507936507937,0.22706772486772486,0.10627830687830687,0.3993989417989418,0.36430582010582013,0.4316507936507937,0.31357671957671956,0.23867830687830688,0.22521269841269842,0.1897100529100529,0.15938624338624338,0.15991111111111111,0.18166031746031747,0.3013227513227513,0.13201269841269841,0.32114179894179895,0.2259206349206349,0.22256613756613758,0.23438412698412697,0.25027301587301587,0.289205291005291
112,2,0.25277873015873015,0.40104021164021164,0.22626137566137566,0.1535026455026455,0.37167195767195765,0.35803280423280426,0.40104021164021164,0.29276507936507934,0.2757830687830688,0.2122888888888889,0.16595449735449735,0.16555978835978835,0.1599132275132275,0.18771322751322753,0.2955460317460317,0.13842116402116403,0.2901047619047619,0.23755555555555555,0.2737015873015873,0.26791534391534394,0.29706984126984126,0.28477354497354496
113,2,0.25168915343915343,0.38917142857142856,0.25751851851851854,0.15886243386243387,0.3506010582010582,0.38917142857142856,0.34245714285714285,0.33055873015873016,0.2926137566137566,0.21223703703703703,0.18142433862433863,0.13903597883597885,0.16393968253968255,0.19745396825396824,0.28515132275132277,0.18175873015873015,0.26818095238095235,0.2545671957671958,0.25237037037037036,0.19537989417989418,0.29913544973544975,0.2813650793650794
114,2,0.24573492063492064,0.39123492063492066,0.22231957671957672,0.11656190476190476,0.36366243386243385,0.386,0.39123492063492066,0.33651534391534393,0.2707830687830688,0.22801693121693123,0.1743005291005291,0.19965291005291005,0.1924031746031746,0.18005608465608466,0.29473333333333335,0.13097989417989417,0.26325608465608463,0.21952592592592593,0.22684338624338624,0.1916010582010582,0.26067407407407406,0.2655777777777778
115,2,0.25727,0.42483280423280423,0.28304867724867727,0.17655449735449735,0.3733089947089947,0.42483280423280423,0.40337142857142855,0.37102857142857143,0.2568952380952381,0.22447195767195768,0.1743047619047619,0.18151322751322752,0.1645936507936508,0.18330476190476191,0.2864878306878307,0.13894285714285715,0.2868380952380952,0.24969417989417989,0.23494920634920635,0.21906984126984128,0.25433227513227513,0.25785714285714284
116,2,0.24906095238095238,0.43205502645502647,0.31362962962962965,0.1858169312169312,0.375989417989418,0.35896719576719577,0.43205502645502647,0.35914920634920633,0.27757566137566136,0.24203280423280424,0.17509523809523808,0.1766137566137566,0.18403809523809525,0.1650835978835979,0.2976232804232804,0.12727936507936508,0.24186031746031747,0.2462126984126984,0.21967195767195768,0.1471968253968254,0.2040920634920635,0.2512359788359788
117,2,0.2719136507936508,0.46568359788359787,0.33852804232804234,0.11002222222222222,0.46568359788359787,0.38750582010582013,0.4291936507936508,0.3622518518518518,0.29972592592592595,0.26721164021164023,0.1788899470899471,0.1848169312169312,0.2124063492063492,0.16568465608465607,0.3238740740740741,0.12493015873015872,0.26224656084656084,0.25194603174603175,0.24295238095238095,0.20945820105820107,0.282984126984127,0.3379608465608466
118,2,0.28892497354497354,0.442210582010582,0.32896296296296296,0.11926349206349206,0.3990687830687831,0.442210582010582,0.4216412698412698,0.40703809523809525,0.3125227513227513,0.2692582010582011,0.19332698412698412,0.18357989417989418,0.20841904761904761,0.18263809523809524,0.36026243386243384,0.13351428571428572,0.3140148148148148,0.26682962962962964,0.28152275132275134,0.26014179894179895,0.3635915343915344,0.3306920634920635
119,2,0.27237550264550264,0.4225047619047619,0.26577142857142855,0.13216931216931216,0.4225047619047619,0.3899851851851852,0.41815026455026455,0.41194497354497356,0.3303015873015873,0.2627058201058201,0.1982984126984127,0.20520846560846562,0.22234074074074073,0.19173333333333334,0.33971851851851853,0.18172169312169312,0.2701820105820106,0.2761216931216931,0.22666031746031745,0.20882010582010582,0.2501756613756614,0.2429957671957672
120,3,0.31969349206349207,0.5576359788359788,0.25024021164021165,0.08367407407407407,0.42525079365079366,0.31169206349206346,0.3104984126984127,0.3208560846560847,0.3228465608465608,0.22452063492063493,0.2076878306878307,0.1903026455026455,0.20654603174603176,0.244610582010582,0.3336920634920635,0.23056402116402117,0.37815132275132274,0.39304338624338625,0.4195280423280423,0.48484867724867725,0.5576359788359788,0.4976804232804233
121,3,0.3344769841269841,0.5955619047619047,0.31511957671957674,0.05204126984126984,0.3201248677248677,0.3426296296296296,0.31566243386243387,0.34814603174603176,0.33554814814814815,0.2537534391534392,0.249415873015873,0.2084814814814815,0.22722645502645503,0.24171322751322752,0.3455883597883598,0.24617777777777777,0.4182793650793651,0.4295354497354497,0.4312391534391534,0.4961904761904762,0.5955619047619047,0.517104761904762
122,3,0.3315396825396825,0.5402031746031746,0.2796518518518519,0.10397989417989419,0.34627830687830685,0.3291883597883598,0.2659417989417989,0.33263174603174606,0.3590984126984127,0.2595121693121693,0.24066984126984128,0.21882328042328042,0.2555703703703704,0.221989417989418,0.34644021164021166,0.15844656084656084,0.4442021164021164,0.41106984126984125,0.4754973544973545,0.5096126984126984,0.5319862433862433,0.5402031746031746
123,3,0.34267867724867723,0.594184126984127,0.3013037037037037,0.13278518518518517,0.32222222222222224,0.34232910052910054,0.37572486772486774,0.35107301587301587,0.3070582010582011,0.2494888888888889,0.20995767195767195,0.19786666666666666,0.23324338624338625,0.2130074074074074,0.33066349206349205,0.16802539682539683,0.4725259259259259,0.4613047619047619,0.516794708994709,0.5149026455026455,0.594184126984127,0.5591121693121693
124,3,0.3498358201058201,0.5533449735449736,0.2646973544973545,0.10303915343915344,0.37358201058201057,0.3796095238095238,0.416978835978836,0.38706666666666667,0.33375449735449736,0.20664973544973544,0.20042751322751323,0.24526666666666666,0.3002962962962963,0.23078518518518518,0.3596973544973545,0.21941375661375662,0.40659047619047617,0.44644761904761904,0.5012338624338625,0.5211121693121693,0.5533449735449736,0.5467227513227513
125,3,0.35989502645502647,0.591474074074074,0.2612857142857143,0.11255978835978836,0.4226095238095238,0.3042910052910053,0.4028126984126984,0.3447957671957672,0.36211216931216933,0.28106772486772486,0.24794920634920634,0.2523195767195767,0.3374391534391534,0.23597566137566137,0.3704973544973545,0.19272063492063493,0.45109100529100526,0.4677354497354497,0.49866666666666665,0.526084656084656,0.591474074074074,0.5344126984126985
126,3,0.37993132275132274,0.6531312169312169,0.2981883597883598,0.12395026455026455,0.46412592592592594,0.29224021164021163,0.41123597883597884,0.3363925925925926,0.37286349206349206,0.32210899470899473,0.21667195767195768,0.27224973544973546,0.3201121693121693,0.2631354497354497,0.3887809523809524,0.21741269841269842,0.4884179894179894,0.46438201058201056,0.5338931216931216,0.5454656084656084,0.6531312169312169,0.6138677248677249
127,3,0.37020613756613757,0.5977968253968254,0.2366751322751323,0.08618095238095239,0.3830190476190476,0.29003809523809526,0.34959259259259257,0.3526740740740741,0.3729968253968254,0.28466031746031745,0.20966031746031746,0.2825693121693122,0.30077354497354497,0.2663767195767196,0.4377058201058201,0.3595089947089947,0.4682550264550265,0.48383174603174606,0.5211333333333333,0.5388275132275132,0.5977968253968254,0.5818465608465608
128,3,0.3522532275132275,0.6164899470899471,0.21077777777777779,0.07108888888888888,0.3972677248677249,0.3284910052910053,0.26356825396825395,0.33723174603174605,0.3584021164021164,0.2586952380952381,0.19944867724867724,0.21527407407407406,0.24125925925925926,0.2617862433862434,0.3984994708994709,0.2667259259259259,0.4637068783068783,0.49194391534391535,0.5236232804232804,0.5659968253968254,0.6164899470899471,0.5747873015873016
129,3,0.37489603174603175,0.6176,0.2816148148148148,0.09967724867724868,0.37254179894179895,0.4020645502645503,0.3876349206349206,0.3438095238095238,0.3520708994708995,0.23216296296296296,0.23522857142857143,0.2582888888888889,0.29745502645502647,0.2541068783068783,0.40769100529100527,0.255168253968254,0.46311322751322753,0.5042338624338625,0.5484613756613756,0.5691439153439154,0.6158529100529101,0.6176
130,3,0.3937353968253968,0.6325238095238095,0.2834010582010582,0.0904920634920635,0.42192380952380953,0.39222962962962965,0.4032772486772487,0.3694931216931217,0.407021164021164,0.2745132275132275,0.2727830687830688,0.22773650793650793,0.3161862433862434,0.3034973544973545,0.4366994708994709,0.294005291005291,0.47197671957671955,0.5288179894179894,0.5420783068783068,0.5790645502645503,0.6325238095238095,0.6269873015873015
131,3,0.4047525925925926,0.6488899470899471,0.3417079365079365,0.1459862433862434,0.3390846560846561,0.38448042328042326,0.386162962962963,0.3493989417989418,0.39513650793650795,0.3331089947089947,0.31388783068783066,0.3089396825396825,0.342026455026455,0.30766666666666664,0.4688402116402116,0.30754603174603173,0.463373544973545,0.5069724867724867,0.5387978835978836,0.5674328042328042,0.6456116402116402,0.6488899470899471
132,3,0.39379206349206347,0.6465111111111111,0.349194708994709,0.128778835978836,0.4085079365079365,0.316810582010582,0.33154497354497353,0.32884550264550266,0.412194708994709,0.3552888888888889,0.31827724867724866,0.30392592592592593,0.3043047619047619,0.2737132275132275,0.45893756613756614,0.294021164021164,0.43133650793650796,0.5080539682539682,0.5365777777777778,0.5636010582010582,0.6465111111111111,0.6054148148148149
133,3,0.38639825396825395,0.6431396825396826,0.3619132275132275,0.17334814814814814,0.3499100529100529,0.2976708994708995,0.3148,0.33423174603174605,0.41777354497354496,0.3196529100529101,0.2823111111111111,0.2731195767195767,0.3156994708994709,0.26329206349206347,0.4232814814814815,0.302215873015873,0.45763068783068783,0.4941079365079365,0.543858201058201,0.563842328042328,0.6431396825396826,0.5961661375661376
134,3,0.3910485185185185,0.6294328042328042,0.366957671957672,0.14638941798941799,0.3701015873015873,0.2874063492063492,0.4072867724867725,0.35595873015873014,0.3814031746031746,0.3006232804232804,0.260821164021164,0.2873502645502645,0.29993121693121694,0.2906888888888889,0.4604666666666667,0.3006560846560847,0.47292698412698414,0.49963174603174604,0.5374920634920635,0.5757904761904762,0.6294328042328042,0.5896550264550264
135,3,0.38554280423280424,0.6533777777777777,0.3342179894179894,0.15934708994708996,0.3552137566137566,0.28985079365079364,0.36124550264550265,0.38585185185185183,0.38092275132275133,0.30705185185185185,0.2690592592592593,0.24428253968253968,0.2988677248677249,0.25064867724867723,0.4677206349206349,0.2985915343915344,0.46132910052910053,0.5316486772486773,0.5288084656084656,0.5565238095238095,0.6533777777777777,0.5762962962962963
136,3,0.37245396825396826,0.6211873015873016,0.28914074074074075,0.15149206349206348,0.36675978835978834,0.29656931216931215,0.3182359788359788,0.37534285714285714,0.3812708994708995,0.27524126984126984,0.25192063492063493,0.2919915343915344,0.26695449735449733,0.2643068783068783,0.41516296296296296,0.28542962962962964,0.44661904761904764,0.506968253968254,0.5132444444444444,0.5441756613756614,0.6211873015873016,0.5870656084656085
137,3,0.3572122222222222,0.608437037037037,0.2573693121693122,0.13806455026455025,0.29255555555555557,0.2646275132275132,0.22506137566137566,0.3410899470899471,0.40312592592592594,0.29356190476190475,0.26447089947089947,0.2760391534391534,0.2633089947089947,0.2687174603174603,0.3963915343915344,0.27106772486772485,0.44104338624338624,0.49335026455026454,0.5204507936507936,0.5498338624338625,0.608437037037037,0.5756772486772487
138,3,0.3647732275132275,0.6131777777777778,0.27392275132275135,0.11387301587301588,0.3034010582010582,0.21817883597883597,0.31622751322751325,0.35197142857142855,0.42933862433862435,0.28811534391534394,0.23794285714285715,0.302215873015873,0.2575375661375661,0.2525883597883598,0.43311216931216934,0.2581121693121693,0.4690095238095238,0.4990888888888889,0.5243502645502646,0.5483830687830688,0.6131777777777778,0.6049174603174603
139,3,0.38000597883597886,0.6410328042328043,0.3119142857142857,0.15348148148148147,0.29497671957671956,0.2514084656084656,0.31808888888888887,0.3739005291005291,0.4324920634920635,0.31782539682539684,0.24136613756613756,0.28133968253968256,0.27275978835978837,0.2684952380952381,0.43927195767195765,0.308615873015873,0.4780179894179894,0.5242666666666667,0.5260931216931217,0.5654624338624339,0.6410328042328043,0.5993100529100529
140,3,0.3694304232804233,0.6408306878306879,0.24785714285714286,0.1344941798941799,0.3456931216931217,0.280794708994709,0.3391227513227513,0.3716021164021164,0.4176465608465608,0.2898931216931217,0.24016931216931217,0.2453068783068783,0.2751026455026455,0.2352010582010582,0.4089777777777778,0.288978835978836,0.4236761904761905,0.5393820105820106,0.5259513227513227,0.5325587301587301,0.6408306878306879,0.6053693121693122
141,3,0.3796420105820106,0.6329544973544974,0.2760740740740741,0.15815873015873017,0.35004444444444444,0.2427904761904762,0.3139873015873016,0.362237037037037,0.4273269841269841,0.34825396825396826,0.26637460317460315,0.27622857142857143,0.27656507936507935,0.23836613756613756,0.4667280423280423,0.32153439153439156,0.4214455026455026,0.5179640211640212,0.527405291005291,0.5656148148148148,0.6329544973544974,0.6027862433862434
142,3,0.36959984126984124,0.6000857142857143,0.2913597883597884,0.14462222222222224,0.35402222222222224,0.3191904761904762,0.3016634920634921,0.37981269841269844,0.4290730158730159,0.30783492063492063,0.22395449735449735,0.2736793650793651,0.26245291005291005,0.22266031746031745,0.4640825396825397,0.301184126984127,0.44431005291005293,0.46964550264550264,0.5105925925925926,0.5311417989417989,0.6000857142857143,0.5606285714285715
143,3,0.3428664021164021,0.5706328042328043,0.19645820105820105,0.06689523809523809,0.3352021164021164,0.3236910052910053,0.27684867724867723,0.3933142857142857,0.3825132275132275,0.2826074074074074,0.2000084656084656,0.24238518518518518,0.2538740740740741,0.20389312169312168,0.42924232804232804,0.24621798941798942,0.4264084656084656,0.45526666666666665,0.4907142857142857,0.5281693121693122,0.5706328042328043,0.5529851851851851
144,3,0.35182825396825396,0.5801544973544973,0.2505100529100529,0.10600740740740741,0.4140910052910053,0.3600433862433862,0.1818095238095238,0.3267925925925926,0.3972328042328042,0.2903375661375661,0.23452592592592592,0.23387195767195768,0.28506772486772486,0.24676402116402116,0.40154814814814815,0.29564021164021165,0.43164656084656083,0.4564116402116402,0.47956402116402114,0.5181851851851852,0.5801544973544973,0.5463608465608466
145,3,0.3493793121693122,0.5833671957671958,0.21683492063492063,0.07057671957671957,0.34454285714285715,0.2863354497354497,0.2335925925925926,0.3082465608465608,0.4325862433862434,0.33378201058201057,0.26396296296296295,0.24095449735449737,0.2954232804232804,0.24212275132275132,0.4154857142857143,0.2858835978835979,0.407368253968254,0.4763703703703704,0.49854391534391534,0.48984338624338625,0.5833671957671958,0.5617629629629629
146,3,0.3580904232804233,0.604931216931217,0.26868359788359786,0.10227195767195767,0.45144338624338626,0.37884867724867727,0.30503915343915344,0.3463862433862434,0.4045566137566138,0.27964550264550264,0.20592592592592593,0.22073756613756615,0.2603661375661376,0.20868042328042327,0.4158126984126984,0.2570910052910053,0.39004126984126986,0.47441904761904763,0.4811862433862434,0.533184126984127,0.604931216931217,0.5725576719576719
147,3,0.36540783068783067,0.5935375661375661,0.2686825396825397,0.08105925925925926,0.4549015873015873,0.30286349206349206,0.3313206349206349,0.30363915343915343,0.4247312169312169,0.289810582010582,0.21986031746031745,0.2569851851851852,0.2847121693121693,0.2574888888888889,0.43386243386243384,0.28646137566137564,0.4168201058201058,0.48845079365079364,0.4994095238095238,0.5254592592592593,0.5935375661375661,0.5881005291005291
148,3,0.3695961375661376,0.59414708994709,0.27314179894179896,0.05574814814814815,0.4898740740740741,0.3645005291005291,0.35755238095238095,0.30684973544973543,0.4482656084656085,0.3179820105820106,0.22526243386243386,0.19973121693121693,0.3144,0.2646835978835979,0.421805291005291,0.2517312169312169,0.4159111111111111,0.5125502645502645,0.4998835978835979,0.5005333333333334,0.59414708994709,0.5773693121693122
149,3,0.38603481481481483,0.5877883597883597,0.2820814814814815,0.06787513227513227,0.4614232804232804,0.43728783068783067,0.36105502645502646,0.34163915343915346,0.4548835978835979,0.34403809523809525,0.25790793650793653,0.2901269841269841,0.2970687830687831,0.28516084656084656,0.44563597883597883,0.2294179894179894,0.4674560846560847,0.5007989417989418,0.5169343915343916,0.5181703703703704,0.5739460317460318,0.5877883597883597
150,3,0.3842878835978836,0.5885269841269841,0.32362645502645504,0.08891957671957672,0.45856825396825396,0.4096962962962963,0.3856984126984127,0.3532878306878307,0.4013079365079365,0.3092846560846561,0.2183153439153439,0.26863068783068783,0.3278814814814815,0.2569121693121693,0.45615873015873015,0.22247089947089946,0.4424740740740741,0.5251005291005291,0.5068677248677249,0.5588222222222222,0.5832074074074074,0.5885269841269841
151,3,0.3992163492063492,0.6069746031746032,0.340589417989418,0.0965047619047619,0.46383386243386243,0.39452275132275133,0.42283068783068783,0.3636063492063492,0.4654962962962963,0.293005291005291,0.23334603174603175,0.2772222222222222,0.3458941798941799,0.2980730158730159,0.4618084656084656,0.2478984126984127,0.4699089947089947,0.49942645502645505,0.5470465608465609,0.5676910052910052,0.6069746031746032,0.5886476190476191
152,3,0.40197931216931215,0.5977873015873015,0.24606666666666666,0.11597354497354498,0.4950962962962963,0.40313121693121695,0.3947650793650794,0.3935671957671958,0.4778730158730159,0.30904232804232806,0.23710793650793652,0.263194708994709,0.3564656084656085,0.27555767195767195,0.4717005291005291,0.2840338624338624,0.48925079365079366,0.5185693121693121,0.5565365079365079,0.5665121693121693,0.5977873015873015,0.5873544973544974
153,3,0.4063803703703704,0.6191671957671958,0.16823809523809524,0.13903280423280423,0.4383492063492063,0.39025925925925925,0.43134391534391536,0.3835058201058201,0.4812116402116402,0.36746666666666666,0.2904232804232804,0.3196730158730159,0.34719576719576717,0.2750920634920635,0.5024433862433862,0.27145925925925923,0.44920952380952384,0.5155396825396825,0.5496074074074074,0.5790687830687831,0.6191671957671958,0.6093206349206349
154,3,0.4221900529100529,0.6238582010582011,0.1916920634920635,0.16123915343915343,0.5178444444444444,0.3835798941798942,0.4278825396825397,0.4016941798941799,0.5202730158730159,0.37878730158730156,0.2768137566137566,0.28773121693121695,0.35754814814814817,0.3133185185185185,0.5146148148148149,0.3318984126984127,0.4688962962962963,0.5345375661375661,0.5490126984126984,0.5816296296296296,0.6238582010582011,0.6209492063492064
155,3,0.42182888888888886,0.6095089947089947,0.21474179894179893,0.19432486772486773,0.5136740740740741,0.4300857142857143,0.41923597883597885,0.41302539682539685,0.5051915343915344,0.3307883597883598,0.25355449735449737,0.3443873015873016,0.3676793650793651,0.33068888888888887,0.4748,0.3066486772486772,0.5109587301587302,0.5354634920634921,0.5515566137566138,0.549421164021164,0.6095089947089947,0.580842328042328
156,3,0.42114936507936507,0.6137492063492064,0.265615873015873,0.26826137566137565,0.4893037037037037,0.4705386243386243,0.44886560846560847,0.43252910052910054,0.5038592592592592,0.3260624338624339,0.26299576719576717,0.3046814814814815,0.3497195767195767,0.2900179894179894,0.4711693121693122,0.27999259259259257,0.46114603174603175,0.506410582010582,0.5430486772486772,0.5610126984126984,0.6137492063492064,0.5740074074074074
157,3,0.4254104232804233,0.5792962962962963,0.2892962962962963,0.2913873015873016,0.4894201058201058,0.48734920634920637,0.47672380952380955,0.4239354497354497,0.5027111111111111,0.34555767195767195,0.24657354497354497,0.2759068783068783,0.3411978835978836,0.2979301587301587,0.4903322751322751,0.24175555555555556,0.5202433862433863,0.5308931216931216,0.549858201058201,0.5533280423280423,0.5745121693121693,0.5792962962962963
158,3,0.43086227513227515,0.5966317460317461,0.320431746031746,0.2965037037037037,0.5415164021164021,0.4642222222222222,0.43804867724867724,0.43845820105820105,0.502778835978836,0.35143492063492066,0.26523492063492066,0.2714973544973545,0.35096507936507937,0.29974497354497354,0.5042719576719576,0.22854920634920636,0.526784126984127,0.5255809523809524,0.5451777777777778,0.5561396825396825,0.5932730158730158,0.5966317460317461
159,3,0.43429492063492064,0.6111142857142857,0.3180296296296296,0.2971989417989418,0.5074222222222222,0.4062550264550265,0.5042624338624339,0.4351111111111111,0.5203343915343915,0.3678592592592593,0.24866560846560848,0.27362857142857144,0.3466719576719577,0.3203767195767196,0.49384867724867726,0.314431746031746,0.5172412698412698,0.5130169312169313,0.5304931216931217,0.5590624338624338,0.6111142857142857,0.6008740740740741
160,4,0.46257121693121694,0.6924804232804233,0.3327248677248677,0.27071640211640213,0.4859830687830688,0.4246306878306878,0.4124962962962963,0.4261312169312169,0.5362984126984127,0.4313746031746032,0.36937566137566136,0.3180899470899471,0.38887301587301587,0.3450857142857143,0.5190687830687831,0.37584126984126986,0.5366010582010582,0.5627343915343915,0.5626476190476191,0.6008507936507936,0.6924804232804233,0.6594201058201058
161,4,0.4632231216931217,0.6862698412698413,0.3324941798941799,0.16302857142857144,0.511589417989418,0.4530846560846561,0.4209301587301587,0.45095343915343916,0.5595386243386243,0.3962603174603175,0.402037037037037,0.36797142857142856,0.4249428571428571,0.3422878306878307,0.4958243386243386,0.3934095238095238,0.5436296296296297,0.5424814814814815,0.5748031746031746,0.5958518518518519,0.6862698412698413,0.6070740740740741
162,4,0.43724656084656083,0.6979978835978836,0.2898846560846561,0.13595873015873017,0.363789417989418,0.39523386243386244,0.36227089947089947,0.44284761904761905,0.5577343915343915,0.4261206349206349,0.4088751322751323,0.3665703703703704,0.4216042328042328,0.3765862433862434,0.508431746031746,0.3826730158730159,0.510757671957672,0.5319544973544974,0.4825386243386243,0.5622931216931217,0.6979978835978836,0.5208084656084656
163,4,0.44213703703703705,0.6355851851851851,0.27781904761904763,0.18075343915343917,0.3407174603174603,0.40212804232804233,0.4194888888888889,0.47447724867724866,0.5783671957671958,0.45396507936507935,0.4012846560846561,0.3572740740740741,0.4282772486772487,0.4065492063492063,0.5125873015873016,0.41888359788359786,0.5578560846560846,0.5509566137566138,0.4887238095238095,0.5233523809523809,0.6355851851851851,0.4336941798941799
164,4,0.45370285714285713,0.6803925925925925,0.2982962962962963,0.17694074074074073,0.33965396825396826,0.33158306878306876,0.44207089947089945,0.4704952380952381,0.569484656084656,0.48863703703703704,0.4344021164021164,0.36048677248677247,0.4466825396825397,0.4150084656084656,0.5010423280423281,0.4432010582010582,0.5740285714285714,0.5685671957671957,0.5053005291005291,0.5815925925925925,0.6803925925925925,0.4461904761904762
165,4,0.46125925925925926,0.6794613756613757,0.27165291005291003,0.17072169312169314,0.44936719576719575,0.37384126984126986,0.4282761904761905,0.5015851851851851,0.5458857142857143,0.504889947089947,0.41703703703703704,0.3915820105820106,0.44104444444444446,0.4092179894179894,0.543310052910053,0.40416084656084655,0.5746539682539683,0.542957671957672,0.5435862433862434,0.5787968253968254,0.6794613756613757,0.45315661375661376
166,4,0.4518803174603175,0.6593248677248678,0.2781470899470899,0.123805291005291,0.39695661375661373,0.3074825396825397,0.382610582010582,0.5104910052910053,0.568510052910053,0.4467809523809524,0.42805502645502647,0.40187407407407405,0.4355809523809524,0.3981068783068783,0.5653661375661375,0.41584656084656085,0.5827164021164021,0.5580846560846561,0.48680846560846563,0.6120021164021164,0.6593248677248678,0.4790560846560847
167,4,0.47251920634920636,0.6785513227513228,0.2911269841269841,0.16841481481481482,0.47374391534391536,0.3784116402116402,0.45647513227513226,0.5421439153439154,0.5592518518518519,0.43745820105820105,0.43844126984126985,0.4096,0.4510084656084656,0.3920962962962963,0.5820222222222222,0.38624444444444445,0.5879269841269841,0.54650582010582,0.5456518518518518,0.5933555555555555,0.6785513227513228,0.5319534391534392
168,4,0.5077101058201058,0.682189417989418,0.362405291005291,0.13685185185185186,0.5233671957671958,0.5171460317460318,0.5029714285714286,0.5533047619047619,0.5892656084656085,0.43824232804232804,0.3943333333333333,0.4169248677248677,0.49223597883597886,0.4403640211640212,0.5742328042328042,0.4149164021164021,0.6230084656084656,0.6362560846560846,0.6238973544973545,0.6410359788359788,0.682189417989418,0.59125291005291
169,4,0.5055239153439154,0.6721460317460317,0.36606878306878304,0.19139365079365078,0.5317047619047619,0.48898412698412697,0.5245989417989418,0.5939238095238095,0.5404708994708994,0.510874074074074,0.3793978835978836,0.432394708994709,0.44136084656084656,0.4069915343915344,0.6050719576719576,0.4468042328042328,0.6137195767195767,0.5649904761904762,0.5969005291005292,0.6424910052910053,0.6721460317460317,0.5601904761904762
170,4,0.4532446560846561,0.6724306878306878,0.3718518518518519,0.14956296296296295,0.47445714285714286,0.2873756613756614,0.42531322751322753,0.5003132275132275,0.49072804232804235,0.34031428571428574,0.4161661375661376,0.35481375661375664,0.2941259259259259,0.34185714285714286,0.5444306878306878,0.39137777777777777,0.5900835978835979,0.5876582010582011,0.6019756613756614,0.631668783068783,0.6724306878306878,0.5983883597883598
171,4,0.4373896825396825,0.6696296296296296,0.26014814814814813,0.1106920634920635,0.36806984126984127,0.27755449735449733,0.26605502645502643,0.4688074074074074,0.5521227513227513,0.46756296296296296,0.3969259259259259,0.34015661375661377,0.3480962962962963,0.40397777777777777,0.5400169312169312,0.36891111111111113,0.5633587301587302,0.5886201058201058,0.5692264550264551,0.6084338624338624,0.6696296296296296,0.5794275132275132
172,4,0.44967978835978833,0.6411978835978835,0.24311428571428573,0.09763386243386243,0.49155873015873014,0.37946560846560845,0.39367407407407407,0.4700920634920635,0.5132465608465608,0.42376613756613757,0.3453259259259259,0.3170973544973545,0.34384444444444445,0.3816952380952381,0.580725925925926,0.32788994708994706,0.5878201058201058,0.5838560846560846,0.6116835978835978,0.6193830687830688,0.6411978835978835,0.6405248677248677
173,4,0.46881603174603176,0.6534613756613756,0.3320222222222222,0.2189798941798942,0.47296507936507937,0.39979153439153436,0.43992380952380955,0.47921798941798943,0.5038751322751323,0.4638306878306878,0.32245608465608466,0.3389830687830688,0.43386878306878307,0.4280010582010582,0.5675259259259259,0.33865608465608465,0.6114761904761905,0.5780031746031746,0.5568910052910053,0.5844825396825397,0.6534613756613756,0.6519089947089947
174,4,0.44890433862433865,0.6613058201058201,0.3156962962962963,0.23287936507936507,0.390784126984127,0.2572656084656085,0.37222962962962963,0.46683915343915344,0.5228539682539682,0.44947089947089947,0.3155248677248677,0.29654285714285716,0.38779470899470897,0.40994708994708995,0.5332465608465609,0.3732634920634921,0.5836084656084656,0.5526042328042328,0.5667015873015873,0.6342179894179895,0.6613058201058201,0.655310052910053
175,4,0.47128740740740743,0.6871873015873016,0.3227534391534392,0.19738095238095238,0.42893333333333333,0.3663164021164021,0.4270328042328042,0.4558253968253968,0.5335153439153439,0.4567968253968254,0.33657354497354497,0.3569280423280423,0.4589121693121693,0.3975417989417989,0.5822222222222222,0.3835777777777778,0.5995079365079365,0.565426455026455,0.5719640211640211,0.6339608465608466,0.6871873015873016,0.6633915343915344
176,4,0.488855291005291,0.6910550264550265,0.3419809523809524,0.23917566137566137,0.4674984126984127,0.36555873015873014,0.43793121693121695,0.5090201058201058,0.5437703703703703,0.4670116402116402,0.37203703703703705,0.39454814814814815,0.4494190476190476,0.41896084656084653,0.5698031746031746,0.4169925925925926,0.6024444444444444,0.5898931216931217,0.597341798941799,0.6421566137566137,0.6910550264550265,0.6605068783068783
177,4,0.5069193650793651,0.7085396825396826,0.41687619047619046,0.28593015873015876,0.5233746031746032,0.3093269841269841,0.4810687830687831,0.5819777777777778,0.5555925925925926,0.5293037037037037,0.37235343915343916,0.37878518518518517,0.4559269841269841,0.39475238095238097,0.594931216931217,0.41144550264550267,0.607474074074074,0.5727830687830688,0.6305830687830688,0.6567671957671958,0.7085396825396826,0.670594708994709
178,4,0.5159371957671958,0.713695238095238,0.4031619047619048,0.3114804232804233,0.5393037037037037,0.4409142857142857,0.4354952380952381,0.6069333333333333,0.5902888888888889,0.5165280423280423,0.37345185185185187,0.41395132275132274,0.4657153439153439,0.3955058201058201,0.6006719576719577,0.4219851851851852,0.6353015873015873,0.5974571428571429,0.6132719576719576,0.6088338624338624,0.713695238095238,0.6347968253968254
179,4,0.5208384126984127,0.6744507936507936,0.4498042328042328,0.3078148148148148,0.6248317460317461,0.4026952380952381,0.444215873015873,0.6417925925925926,0.6167777777777778,0.5193216931216931,0.38715555555555553,0.40497460317460315,0.4969005291005291,0.42151957671957674,0.598684656084656,0.4929851851851852,0.6381544973544974,0.5865386243386244,0.5673216931216931,0.6187121693121693,0.6744507936507936,0.5221164021164021
180,4,0.5247996296296297,0.7116349206349206,0.381773544973545,0.29994814814814813,0.6136275132275132,0.33166031746031743,0.43328253968253966,0.604373544973545,0.5975386243386244,0.5582783068783069,0.38623386243386243,0.4452074074074074,0.5244,0.4126021164021164,0.607389417989418,0.47074603174603175,0.6340677248677249,0.5756624338624339,0.6226253968253969,0.6486391534391535,0.7116349206349206,0.6363015873015873
181,4,0.5350868783068783,0.7192994708994709,0.3894761904761905,0.3205058201058201,0.5966126984126984,0.4409301587301587,0.49522962962962963,0.6082846560846561,0.5808084656084657,0.5251026455026455,0.40025396825396825,0.4233650793650794,0.5068867724867725,0.42445396825396825,0.560578835978836,0.4302899470899471,0.6509925925925926,0.6682751322751322,0.6607851851851851,0.6400539682539682,0.7192994708994709,0.659552380952381
182,4,0.5483300529100529,0.7115068783068783,0.4508687830687831,0.3291777777777778,0.6731195767195767,0.40837671957671956,0.5444306878306878,0.6217809523809524,0.6249195767195768,0.5684137566137566,0.41674603174603175,0.436984126984127,0.5345132275132275,0.39524656084656085,0.6194687830687831,0.48386031746031744,0.6549904761904762,0.6276074074074074,0.5983396825396825,0.659826455026455,0.7115068783068783,0.6064232804232804
183,4,0.5677584656084657,0.7097714285714286,0.4279703703703704,0.3588910052910053,0.6884994708994709,0.4662201058201058,0.5635640211640212,0.6714698412698412,0.6633534391534391,0.614773544973545,0.45613439153439156,0.4800253968253968,0.5704042328042328,0.4672603174603175,0.6453502645502646,0.4906814814814815,0.6695534391534391,0.6773291005291006,0.5561756613756613,0.6046539682539682,0.7097714285714286,0.5730878306878306
184,4,0.5629123809523809,0.7164074074074074,0.4357079365079365,0.3291428571428571,0.6407142857142857,0.4386941798941799,0.5781354497354497,0.6637915343915344,0.6443830687830688,0.5787661375661376,0.4516253968253968,0.48326349206349206,0.5376190476190477,0.44826137566137564,0.6327428571428572,0.5137375661375662,0.6539746031746032,0.6726793650793651,0.5909407407407408,0.6389714285714285,0.7164074074074074,0.6086888888888888
185,4,0.5631403703703703,0.7350857142857142,0.41593650793650794,0.3513026455026455,0.6613862433862434,0.3837280423280423,0.5739693121693121,0.6619068783068783,0.6434275132275132,0.5789121693121693,0.4427904761904762,0.48834920634920637,0.5431756613756614,0.3998814814814815,0.6196021164021164,0.544520634920635,0.6748359788359788,0.6777544973544973,0.5985047619047619,0.6400920634920635,0.7350857142857142,0.6276455026455027
186,4,0.5240351851851852,0.7103703703703703,0.44755132275132276,0.324984126984127,0.6525936507936508,0.4160084656084656,0.4524031746031746,0.6112793650793651,0.6124063492063492,0.47504444444444444,0.37254920634920635,0.39074391534391534,0.4478899470899471,0.41018095238095237,0.5807407407407408,0.47155343915343917,0.6242571428571428,0.6183354497354497,0.6535291005291005,0.6070751322751323,0.7103703703703703,0.6012074074074074
187,4,0.5121880423280424,0.6852190476190476,0.26622962962962965,0.2440126984126984,0.6613671957671957,0.5046835978835978,0.509789417989418,0.5875873015873015,0.6345597883597883,0.48145502645502647,0.3851015873015873,0.3573058201058201,0.4505830687830688,0.4132698412698413,0.5977026455026455,0.4396455026455027,0.5763481481481482,0.6078497354497354,0.5991301587301587,0.6352455026455026,0.6852190476190476,0.6066751322751323
188,4,0.5116974603174603,0.701031746031746,0.1801978835978836,0.16836931216931217,0.6659957671957671,0.41454920634920633,0.5332126984126984,0.5765111111111111,0.6689798941798942,0.5058222222222222,0.38541058201058204,0.3719396825396825,0.4709206349206349,0.43430793650793653,0.6069068783068783,0.44590793650793653,0.6049576719576719,0.6084867724867725,0.6418042328042328,0.6203047619047619,0.701031746031746,0.6283322751322752
189,4,0.517230582010582,0.6992074074074074,0.20201269841269842,0.15526984126984128,0.6662021164021164,0.4520126984126984,0.5640444444444445,0.5672677248677249,0.6799777777777778,0.5026380952380952,0.41294391534391534,0.401205291005291,0.486021164021164,0.3976899470899471,0.6077301587301587,0.43883280423280424,0.6067724867724867,0.6092507936507936,0.6218962962962963,0.627184126984127,0.6992074074074074,0.6464518518518518
190,4,0.5089684126984128,0.6723269841269841,0.20896084656084657,0.29890899470899474,0.6444507936507936,0.44998306878306876,0.5741333333333334,0.5545862433862434,0.6483608465608466,0.5012349206349206,0.39266349206349205,0.37941798941798943,0.47223915343915346,0.39084761904761905,0.567410582010582,0.4044179894179894,0.590005291005291,0.5425343915343915,0.6138814814814815,0.6214899470899471,0.6723269841269841,0.6515142857142857
191,4,0.511112380952381,0.6677227513227513,0.20197037037037038,0.3096063492063492,0.64554708994709,0.5190391534391534,0.5722306878306879,0.5940677248677249,0.6672666666666667,0.44210899470899473,0.4115820105820106,0.39743492063492064,0.4577915343915344,0.34967830687830687,0.5963015873015873,0.3567862433862434,0.5768560846560846,0.5654349206349206,0.6160730158730159,0.6164137566137566,0.6677227513227513,0.6583354497354498
192,4,0.5123397354497354,0.6807481481481481,0.2318973544973545,0.2616952380952381,0.6495597883597883,0.5583544973544974,0.5507375661375662,0.5766624338624339,0.6767153439153439,0.4484592592592593,0.3168920634920635,0.41896719576719577,0.4363915343915344,0.35675555555555555,0.6144126984126984,0.39452592592592595,0.6126624338624339,0.5976285714285714,0.6040761904761904,0.6062761904761905,0.6807481481481481,0.6533767195767196
193,4,0.509899417989418,0.6854391534391534,0.2999502645502645,0.2749132275132275,0.6691449735449736,0.5384084656084656,0.5389386243386244,0.5408878306878306,0.6661661375661375,0.4399269841269841,0.3469089947089947,0.4290804232804233,0.4369068783068783,0.4056645502645503,0.5341830687830688,0.4072846560846561,0.5770624338624338,0.5765132275132275,0.5875037037037038,0.609463492063492,0.6854391534391534,0.6336412698412699
194,4,0.5140357142857143,0.6720846560846561,0.2807756613756614,0.3051936507936508,0.6368031746031746,0.4306042328042328,0.48616507936507936,0.5733555555555555,0.6720846560846561,0.4798751322751323,0.37616507936507937,0.3998825396825397,0.4708232804232804,0.39444973544973544,0.5860687830687831,0.4423809523809524,0.5910148148148148,0.5920306878306878,0.6301513227513228,0.6232486772486773,0.6696730158730159,0.639968253968254
195,4,0.523556455026455,0.6949925925925926,0.40155873015873017,0.28602962962962963,0.6457428571428572,0.3899291005291005,0.5279777777777778,0.5590296296296297,0.6949925925925926,0.48405608465608463,0.42583068783068784,0.3979693121693122,0.4370603174603175,0.41813015873015874,0.6016243386243386,0.44814074074074073,0.5876603174603174,0.5701746031746032,0.6333481481481481,0.6303248677248677,0.6803851851851852,0.6511640211640212
196,4,0.5277048148148148,0.7175312169312169,0.4022603174603175,0.3183312169312169,0.6324920634920634,0.3865227513227513,0.5391322751322751,0.5709153439153439,0.7175312169312169,0.48316296296296296,0.4917238095238095,0.3800878306878307,0.4414867724867725,0.37795767195767194,0.5884179894179894,0.48635555555555554,0.5878201058201058,0.5678592592592593,0.6208550264550264,0.6271195767195767,0.6869703703703703,0.6470941798941799
197,4,0.5007240211640211,0.6892,0.33275449735449736,0.30986878306878307,0.6635079365079365,0.48286878306878306,0.5219470899470899,0.5087312169312169,0.6892,0.41405502645502645,0.36635238095238093,0.33775555555555553,0.40964761904761904,0.33844444444444444,0.5504338624338624,0.4355904761904762,0.553768253968254,0.5739608465608466,0.6244804232804233,0.6240031746031746,0.666768253968254,0.610341798941799
198,4,0.490804708994709,0.6775904761904762,0.3684984126984127,0.22595661375661374,0.5166433862433862,0.4185587301587302,0.5175079365079365,0.5120402116402116,0.6775904761904762,0.46028677248677247,0.38603915343915346,0.3883153439153439,0.3810857142857143,0.3697259259259259,0.5648296296296297,0.43924656084656083,0.5867481481481481,0.5240592592592592,0.594437037037037,0.625247619047619,0.6500560846560847,0.609221164021164
199,4,0.5155751322751323,0.7125470899470899,0.38564338624338623,0.19697883597883598,0.5806783068783069,0.37745291005291004,0.5607248677248677,0.5633058201058201,0.7125470899470899,0.4290148148148148,0.47678095238095236,0.3992730158730159,0.42835132275132276,0.37765608465608463,0.603042328042328,0.4592910052910053,0.6048761904761905,0.5753015873015873,0.628984126984127,0.6279619047619047,0.6791481481481482,0.6444899470899471
